Author,City,Keywords
Francisco J. García-Peñalvo,Salamanca,[]
Ricardo Colomo-Palacios,Madrid,[]
Miltiadis D. Lytras,Gerakas,[]
Valentina Gatteschi,Torino,"['taxonomy', 'ontology', 'lifelong learning', 'qualifications', 'semantic engine']"
Fabrizio Lamberti,Torino,"['taxonomy', 'ontology', 'lifelong learning', 'qualifications', 'semantic engine']"
Claudio Demartini,Torino,"['taxonomy', 'ontology', 'lifelong learning', 'qualifications', 'semantic engine']"
Rob van Wezel,Ede,"['taxonomy', 'ontology', 'lifelong learning', 'qualifications', 'semantic engine']"
Simonetta Bettiol,Venezia,"['taxonomy', 'ontology', 'lifelong learning', 'qualifications', 'semantic engine']"
Santi Caballe,Barcelona,"['collaborative learning', 'collaborative complex learning objects', 'virtualized collaborative sessions', 'on-line discussions']"
David Ganan,Barcelona,"['collaborative learning', 'collaborative complex learning objects', 'virtualized collaborative sessions', 'on-line discussions']"
Ian Dunwell,Coventry,"['collaborative learning', 'collaborative complex learning objects', 'virtualized collaborative sessions', 'on-line discussions']"
Anna Pierri,Baronissi,"['collaborative learning', 'collaborative complex learning objects', 'virtualized collaborative sessions', 'on-line discussions']"
Thanasis Daradoumis,Mytilene,"['collaborative learning', 'collaborative complex learning objects', 'virtualized collaborative sessions', 'on-line discussions']"
Peter B. Sloep,Heerlen,"['networked learning', 'learning network', 'FP7', 'innovation', 'language technologies', 'idSpace', 'LTfLL', 'Handover']"
Adriana J. Berlanga,Heerlen,"['networked learning', 'learning network', 'FP7', 'innovation', 'language technologies', 'idSpace', 'LTfLL', 'Handover']"
Wolfgang Greller,Heerlen,"['networked learning', 'learning network', 'FP7', 'innovation', 'language technologies', 'idSpace', 'LTfLL', 'Handover']"
Slavi Stoyanov,Heerlen,"['networked learning', 'learning network', 'FP7', 'innovation', 'language technologies', 'idSpace', 'LTfLL', 'Handover']"
Marcel van der Klink,Heerlen,"['networked learning', 'learning network', 'FP7', 'innovation', 'language technologies', 'idSpace', 'LTfLL', 'Handover']"
Symeon Retalis,Piraeus,"['networked learning', 'learning network', 'FP7', 'innovation', 'language technologies', 'idSpace', 'LTfLL', 'Handover']"
Jan Hensgens,Maastricht,"['networked learning', 'learning network', 'FP7', 'innovation', 'language technologies', 'idSpace', 'LTfLL', 'Handover']"
Jesus G. Boticario,Madrid,"['educational standards', 'adaptive learning', 'user modelling', 'service oriented architecture', 'web accessibility', 'learning objects', 'metadata and learning', 'user-centred design']"
Alejandro Rodriguez-Ascaso,Madrid,"['educational standards', 'adaptive learning', 'user modelling', 'service oriented architecture', 'web accessibility', 'learning objects', 'metadata and learning', 'user-centred design']"
Olga C. Santos,Madrid,"['educational standards', 'adaptive learning', 'user modelling', 'service oriented architecture', 'web accessibility', 'learning objects', 'metadata and learning', 'user-centred design']"
Emmanuelle Raffenne,Madrid,"['educational standards', 'adaptive learning', 'user modelling', 'service oriented architecture', 'web accessibility', 'learning objects', 'metadata and learning', 'user-centred design']"
Lydia Montandon,Madrid,"['educational standards', 'adaptive learning', 'user modelling', 'service oriented architecture', 'web accessibility', 'learning objects', 'metadata and learning', 'user-centred design']"
David Roldán,Madrid,"['educational standards', 'adaptive learning', 'user modelling', 'service oriented architecture', 'web accessibility', 'learning objects', 'metadata and learning', 'user-centred design']"
Félix Buendía,Madrid,"['educational standards', 'adaptive learning', 'user modelling', 'service oriented architecture', 'web accessibility', 'learning objects', 'metadata and learning', 'user-centred design']"
Benjamim Fonseca,Vila Real,"['computers in education', 'technology enhanced learning', 'entrepreneurship', 'entrepreneurship education', 'business education', 'serious games', 'Facebook', 'game based learning', 'EU project']"
Leonel Morgado,Vila Real,"['computers in education', 'technology enhanced learning', 'entrepreneurship', 'entrepreneurship education', 'business education', 'serious games', 'Facebook', 'game based learning', 'EU project']"
Hugo Paredes,Vila Real,"['computers in education', 'technology enhanced learning', 'entrepreneurship', 'entrepreneurship education', 'business education', 'serious games', 'Facebook', 'game based learning', 'EU project']"
Paulo Martins,Vila Real,"['computers in education', 'technology enhanced learning', 'entrepreneurship', 'entrepreneurship education', 'business education', 'serious games', 'Facebook', 'game based learning', 'EU project']"
Ramiro Gonçalves,Vila Real,"['computers in education', 'technology enhanced learning', 'entrepreneurship', 'entrepreneurship education', 'business education', 'serious games', 'Facebook', 'game based learning', 'EU project']"
Pedro Neves,Vila Real,"['computers in education', 'technology enhanced learning', 'entrepreneurship', 'entrepreneurship education', 'business education', 'serious games', 'Facebook', 'game based learning', 'EU project']"
Ricardo Rodrigues Nunes,Vila Real,"['computers in education', 'technology enhanced learning', 'entrepreneurship', 'entrepreneurship education', 'business education', 'serious games', 'Facebook', 'game based learning', 'EU project']"
Jorge Lima,Vila Real,"['computers in education', 'technology enhanced learning', 'entrepreneurship', 'entrepreneurship education', 'business education', 'serious games', 'Facebook', 'game based learning', 'EU project']"
João Varajão,Vila Real,"['computers in education', 'technology enhanced learning', 'entrepreneurship', 'entrepreneurship education', 'business education', 'serious games', 'Facebook', 'game based learning', 'EU project']"
Ângela Pereira,Leiria,"['computers in education', 'technology enhanced learning', 'entrepreneurship', 'entrepreneurship education', 'business education', 'serious games', 'Facebook', 'game based learning', 'EU project']"
Robert Sanders,Brussels,"['computers in education', 'technology enhanced learning', 'entrepreneurship', 'entrepreneurship education', 'business education', 'serious games', 'Facebook', 'game based learning', 'EU project']"
Vera Barracho,Brussels,"['computers in education', 'technology enhanced learning', 'entrepreneurship', 'entrepreneurship education', 'business education', 'serious games', 'Facebook', 'game based learning', 'EU project']"
Urban Lapajne,Maribor,"['computers in education', 'technology enhanced learning', 'entrepreneurship', 'entrepreneurship education', 'business education', 'serious games', 'Facebook', 'game based learning', 'EU project']"
Matej Rus,Maribor,"['computers in education', 'technology enhanced learning', 'entrepreneurship', 'entrepreneurship education', 'business education', 'serious games', 'Facebook', 'game based learning', 'EU project']"
Martin Rahe,Barcelona,"['computers in education', 'technology enhanced learning', 'entrepreneurship', 'entrepreneurship education', 'business education', 'serious games', 'Facebook', 'game based learning', 'EU project']"
Andre Mostert,London,"['computers in education', 'technology enhanced learning', 'entrepreneurship', 'entrepreneurship education', 'business education', 'serious games', 'Facebook', 'game based learning', 'EU project']"
Thorsten Klein,London,"['computers in education', 'technology enhanced learning', 'entrepreneurship', 'entrepreneurship education', 'business education', 'serious games', 'Facebook', 'game based learning', 'EU project']"
Viktorija Bojovic,Novi Sad,"['computers in education', 'technology enhanced learning', 'entrepreneurship', 'entrepreneurship education', 'business education', 'serious games', 'Facebook', 'game based learning', 'EU project']"
Saša Bošnjak,Novi Sad,"['computers in education', 'technology enhanced learning', 'entrepreneurship', 'entrepreneurship education', 'business education', 'serious games', 'Facebook', 'game based learning', 'EU project']"
Zita Bošnjak,Novi Sad,"['computers in education', 'technology enhanced learning', 'entrepreneurship', 'entrepreneurship education', 'business education', 'serious games', 'Facebook', 'game based learning', 'EU project']"
João Carvalho,Covilhã,"['computers in education', 'technology enhanced learning', 'entrepreneurship', 'entrepreneurship education', 'business education', 'serious games', 'Facebook', 'game based learning', 'EU project']"
Isabel Duarte,Covilhã,"['computers in education', 'technology enhanced learning', 'entrepreneurship', 'entrepreneurship education', 'business education', 'serious games', 'Facebook', 'game based learning', 'EU project']"
Andreana Casaramona,Messina,"['computers in education', 'technology enhanced learning', 'entrepreneurship', 'entrepreneurship education', 'business education', 'serious games', 'Facebook', 'game based learning', 'EU project']"
Alberto Soraci,Messina,"['computers in education', 'technology enhanced learning', 'entrepreneurship', 'entrepreneurship education', 'business education', 'serious games', 'Facebook', 'game based learning', 'EU project']"
Marc Alier,Barcelona,"['E-Learning', 'interoperability', 'open standards', 'open source', 'free software', 'LMS', 'Sakai', 'Moodle', 'IMS LTI', 'OKI', 'SOA', 'software as a service']"
Enric Mayol,Barcelona,"['E-Learning', 'interoperability', 'open standards', 'open source', 'free software', 'LMS', 'Sakai', 'Moodle', 'IMS LTI', 'OKI', 'SOA', 'software as a service']"
Maria Jose Casañ,Barcelona,"['E-Learning', 'interoperability', 'open standards', 'open source', 'free software', 'LMS', 'Sakai', 'Moodle', 'IMS LTI', 'OKI', 'SOA', 'software as a service']"
Jordi Piguillem,Barcelona,"['E-Learning', 'interoperability', 'open standards', 'open source', 'free software', 'LMS', 'Sakai', 'Moodle', 'IMS LTI', 'OKI', 'SOA', 'software as a service']"
Jeffrey W. Merriman,Cambridge,"['E-Learning', 'interoperability', 'open standards', 'open source', 'free software', 'LMS', 'Sakai', 'Moodle', 'IMS LTI', 'OKI', 'SOA', 'software as a service']"
Miguel Ángel Conde,Salamanca,"['E-Learning', 'interoperability', 'open standards', 'open source', 'free software', 'LMS', 'Sakai', 'Moodle', 'IMS LTI', 'OKI', 'SOA', 'software as a service']"
Francisco J. García-Peñalvo,Salamanca,"['E-Learning', 'interoperability', 'open standards', 'open source', 'free software', 'LMS', 'Sakai', 'Moodle', 'IMS LTI', 'OKI', 'SOA', 'software as a service']"
Wouter Tebben,Amsterdam,"['E-Learning', 'interoperability', 'open standards', 'open source', 'free software', 'LMS', 'Sakai', 'Moodle', 'IMS LTI', 'OKI', 'SOA', 'software as a service']"
Charles Severance,Ann Arbor,"['E-Learning', 'interoperability', 'open standards', 'open source', 'free software', 'LMS', 'Sakai', 'Moodle', 'IMS LTI', 'OKI', 'SOA', 'software as a service']"
Edmundo Tovar,Madrid,"['OCW', 'OpenCourseWare', 'OER', 'open educational resources', 'semantic web', 'linked data', 'social networks analysis', 'SNA']"
Nelson Piedra,Loja,"['OCW', 'OpenCourseWare', 'OER', 'open educational resources', 'semantic web', 'linked data', 'social networks analysis', 'SNA']"
Janneth Chicaiza,Loja,"['OCW', 'OpenCourseWare', 'OER', 'open educational resources', 'semantic web', 'linked data', 'social networks analysis', 'SNA']"
Jorge Lopez,Loja,"['OCW', 'OpenCourseWare', 'OER', 'open educational resources', 'semantic web', 'linked data', 'social networks analysis', 'SNA']"
Oscar Martinez-Bonastre,Elche,"['OCW', 'OpenCourseWare', 'OER', 'open educational resources', 'semantic web', 'linked data', 'social networks analysis', 'SNA']"
Christian Gütl,Graz,[]
David Lizcano,Madrid,"['end-user development', 'end-user software engineering', 'domain experts', 'domain-specific software development', 'ecologies of participation']"
Fernando Alonso,Madrid,"['end-user development', 'end-user software engineering', 'domain experts', 'domain-specific software development', 'ecologies of participation']"
Javier Soriano,Madrid,"['end-user development', 'end-user software engineering', 'domain experts', 'domain-specific software development', 'ecologies of participation']"
Genoveva López,Madrid,"['end-user development', 'end-user software engineering', 'domain experts', 'domain-specific software development', 'ecologies of participation']"
Nadeem Mahmood,Karachi,"['temporal and fuzzy ontological framework', 'knowledge management systems', 'healthcare systems', 'patient information system', 'temporal and fuzzy database system']"
S. M. Aqil Burney,Karachi,"['temporal and fuzzy ontological framework', 'knowledge management systems', 'healthcare systems', 'patient information system', 'temporal and fuzzy database system']"
Kamran Ahsan,Stafford,"['temporal and fuzzy ontological framework', 'knowledge management systems', 'healthcare systems', 'patient information system', 'temporal and fuzzy database system']"
Jorge Martinez-Gil,Málaga,"['ontology matching', 'knowledge integration', 'software tools']"
Ismael Navas-Delgado,Málaga,"['ontology matching', 'knowledge integration', 'software tools']"
Jose F. Aldana-Montes,Málaga,"['ontology matching', 'knowledge integration', 'software tools']"
Goran Martinovic,Osijek,"['benchmark', 'operating system', 'performance evaluation', 'performance measurement', 'Windows 7', 'Windows Vista', 'Windows XP']"
Josip Balen,Osijek,"['benchmark', 'operating system', 'performance evaluation', 'performance measurement', 'Windows 7', 'Windows Vista', 'Windows XP']"
Bojan Cukic,Morgantown,"['benchmark', 'operating system', 'performance evaluation', 'performance measurement', 'Windows 7', 'Windows Vista', 'Windows XP']"
Joaquin Olivares,Cordoba,"['video', 'high-speed arithmetics', 'parallel architectures', 'special-purpose and application-based systems']"
Guillermo Vega-Gorgojo,Valladolid,"['C.2.4', 'H.3.3', 'K.3.1']"
Eduardo Gómez-Sánchez,Valladolid,"['C.2.4', 'H.3.3', 'K.3.1']"
Miguel L. Bote-Lorenzo,Valladolid,"['C.2.4', 'H.3.3', 'K.3.1']"
Lorenzo Cantoni,Lugano,[]
Isabella Rega,Lugano,[]
Stefan Minder,Bern,"['text-to-speech', 'TTS', 'e-learning', 'modality effect', 'split attention']"
Michele Notari,Bern,"['text-to-speech', 'TTS', 'e-learning', 'modality effect', 'split attention']"
Felix Schmitz,Bern,"['text-to-speech', 'TTS', 'e-learning', 'modality effect', 'split attention']"
Rainer Hofer,Bern,"['text-to-speech', 'TTS', 'e-learning', 'modality effect', 'split attention']"
Ulrich Woermann,Bern,"['text-to-speech', 'TTS', 'e-learning', 'modality effect', 'split attention']"
Mike Tissenbaum,Toronto,"['future classrooms', 'science education']"
Michelle Lui,Toronto,"['future classrooms', 'science education']"
James D. Slotta,Toronto,"['future classrooms', 'science education']"
Luca Botturi,Locarno,"['gender', 'digital divide', 'college', 'Switzerland']"
Chiara Bramani,Lugano,"['gender', 'digital divide', 'college', 'Switzerland']"
Sean McCusker,Durham,"['gender', 'digital divide', 'college', 'Switzerland']"
Paolo Ferri,Milan,"['social networks', 'Web 2.0', 'digital natives', 'personal learning environments']"
Andrea Pozzali,Rome,"['social networks', 'Web 2.0', 'digital natives', 'personal learning environments']"
Jue Wang,Genève,"['foreign language teaching and learning', 'tandem language learning', 'telecollaboration', 'intercultural competence', 'peer-to-peer correction', 'tutoring', 'design-based research']"
Claudia Berger,Genève,"['foreign language teaching and learning', 'tandem language learning', 'telecollaboration', 'intercultural competence', 'peer-to-peer correction', 'tutoring', 'design-based research']"
Nicolas Szilas,Genève,"['foreign language teaching and learning', 'tandem language learning', 'telecollaboration', 'intercultural competence', 'peer-to-peer correction', 'tutoring', 'design-based research']"
Isabella Rega,Lugano,"['ICT', 'teacher training', 'self-efficacy', 'quantitative methods', 'qualitative methods', 'disadvantaged contexts', 'ICT4E']"
Francesca Fanni,Lugano,"['ICT', 'teacher training', 'self-efficacy', 'quantitative methods', 'qualitative methods', 'disadvantaged contexts', 'ICT4E']"
Izak van Zyl,Lugano,"['home-based healthcare', 'informal learning', 'digital technologies', 'socio-cultural dynamics']"
Retha de la Harpe,Cape Town,"['home-based healthcare', 'informal learning', 'digital technologies', 'socio-cultural dynamics']"
Jason J. Jung,Gyeongsan,[]
Przemysław Kazienko,Wrocław,[]
Qinna Wang,Lyon,"['fuzzy community detection', 'overlapping community detection', 'community detection', 'modularity', 'large-scale networks']"
Eric Fleury,Lyon,"['fuzzy community detection', 'overlapping community detection', 'community detection', 'modularity', 'large-scale networks']"
John Boaz Lee,Quezon City,"['social voter', 'social network analysis', 'logistic regression', 'social influence', 'election analysis']"
Gerard Cabunducan,Quezon City,"['social voter', 'social network analysis', 'logistic regression', 'social influence', 'election analysis']"
Francis George C. Cabarle,Quezon City,"['social voter', 'social network analysis', 'logistic regression', 'social influence', 'election analysis']"
Raphael Castillo,Quezon City,"['social voter', 'social network analysis', 'logistic regression', 'social influence', 'election analysis']"
Jasmine A. Malinao,Quezon City,"['social voter', 'social network analysis', 'logistic regression', 'social influence', 'election analysis']"
Onur C. Sert,Ankara,"['multi-objective clustering', 'NSGA-II', 'h-confidence']"
Kayhan Dursun,Ankara,"['multi-objective clustering', 'NSGA-II', 'h-confidence']"
Tansel Özyer,Ankara,"['multi-objective clustering', 'NSGA-II', 'h-confidence']"
Jamal Jida,Tripoli,"['multi-objective clustering', 'NSGA-II', 'h-confidence']"
Reda Alhajj,Calgary,"['multi-objective clustering', 'NSGA-II', 'h-confidence']"
Joo Young Lee,Syracuse,"['social network', 'reputation management', 'community analysis', 'computer security']"
Yue Duan,Syracuse,"['social network', 'reputation management', 'community analysis', 'computer security']"
Jae C. Oh,Syracuse,"['social network', 'reputation management', 'community analysis', 'computer security']"
Wenliang Du,Syracuse,"['social network', 'reputation management', 'community analysis', 'computer security']"
Howard Blair,Syracuse,"['social network', 'reputation management', 'community analysis', 'computer security']"
Lusha Wang,Syracuse,"['social network', 'reputation management', 'community analysis', 'computer security']"
Xing Jin,Syracuse,"['social network', 'reputation management', 'community analysis', 'computer security']"
I-Hsing Ting,Kaohsiung,"['social networks analysis', 'social recommendation system', 'microblogs', 'target marketing']"
Pei Shan Chang,Kaohsiung,"['social networks analysis', 'social recommendation system', 'microblogs', 'target marketing']"
Shyue-Liang Wang,Kaohsiung,"['social networks analysis', 'social recommendation system', 'microblogs', 'target marketing']"
Anna Zygmunt,Kraków,"['social network', 'social network analysis', 'SNA', 'social community extraction', 'social group', 'persistent group', 'stable social group', 'key person', 'role identification', 'blogosphere', 'CPM', 'fast modularity optimization', 'node position']"
Piotr Bródka,Wrocław,"['social network', 'social network analysis', 'SNA', 'social community extraction', 'social group', 'persistent group', 'stable social group', 'key person', 'role identification', 'blogosphere', 'CPM', 'fast modularity optimization', 'node position']"
Przemysław Kazienko,Wrocław,"['social network', 'social network analysis', 'SNA', 'social community extraction', 'social group', 'persistent group', 'stable social group', 'key person', 'role identification', 'blogosphere', 'CPM', 'fast modularity optimization', 'node position']"
Jarosław Koźlak,Kraków,"['social network', 'social network analysis', 'SNA', 'social community extraction', 'social group', 'persistent group', 'stable social group', 'key person', 'role identification', 'blogosphere', 'CPM', 'fast modularity optimization', 'node position']"
Christian Gütl,Graz,[]
Grzegorz Chmaj,Wrocław,"['computing systems', 'P2P', 'unicast', 'anycast', 'networks', 'simulation']"
Krzysztof Walkowiak,Wrocław,"['computing systems', 'P2P', 'unicast', 'anycast', 'networks', 'simulation']"
Ismael Hasan,Coruña,"['PDF', 'text preprocessing', 'text extraction', 'ordered text extraction', 'text mining', 'evaluation']"
Javier Parapar,Coruña,"['PDF', 'text preprocessing', 'text extraction', 'ordered text extraction', 'text mining', 'evaluation']"
Álvaro Barreiro,Coruña,"['PDF', 'text preprocessing', 'text extraction', 'ordered text extraction', 'text mining', 'evaluation']"
Jong Wook Kim,El Segundo,"['Wikipedia', 'concept', 'semantic interpretation']"
Ashwin Kashyap,Palo Alto,"['Wikipedia', 'concept', 'semantic interpretation']"
Sandilya Bhamidipati,Palo Alto,"['Wikipedia', 'concept', 'semantic interpretation']"
Ahmed Nait-Sidi-Moh,Saint Quentin,"['web service access control', 'electronic exchanges', 'modeling', 'evaluation and simulation', 'dimensioning and improvement', 'Petri nets and (max', ' +)-algebra']"
Mohamed Bakhouya,Helsinki,"['web service access control', 'electronic exchanges', 'modeling', 'evaluation and simulation', 'dimensioning and improvement', 'Petri nets and (max', ' +)-algebra']"
Wafaa Ait-Cheik-Bihi,Strasbourg,"['web service access control', 'electronic exchanges', 'modeling', 'evaluation and simulation', 'dimensioning and improvement', 'Petri nets and (max', ' +)-algebra']"
Jaafar Gaber,Belfort,"['web service access control', 'electronic exchanges', 'modeling', 'evaluation and simulation', 'dimensioning and improvement', 'Petri nets and (max', ' +)-algebra']"
Mabel Vazquez-Briseno,Ensenada,"['mobile computing', 'mobile information systems', 'software', 'mobile devices', 'multimedia']"
Pierre Vincent,Lille,"['mobile computing', 'mobile information systems', 'software', 'mobile devices', 'multimedia']"
Juan Ivan Nieto-Hipolito,Ensenada,"['mobile computing', 'mobile information systems', 'software', 'mobile devices', 'multimedia']"
Juan de Dios Sanchez-Lopez,Ensenada,"['mobile computing', 'mobile information systems', 'software', 'mobile devices', 'multimedia']"
David G. Rosado,Ciudad Real,[]
Luis Enrique Sánchez,Ciudad Real,[]
Eduardo Fernández-Medina,Dortmund,[]
Hannes Holm,Stockholm,"['cyber security', 'remote code execution', 'software vulnerabilities']"
Teodor Sommestad,Stockholm,"['cyber security', 'remote code execution', 'software vulnerabilities']"
Ulrik Franke,Stockholm,"['cyber security', 'remote code execution', 'software vulnerabilities']"
Mathias Ekstedt,Stockholm,"['cyber security', 'remote code execution', 'software vulnerabilities']"
Ickin Vural,Pretoria,"['Botnet', 'mobile', 'malware', 'computational intelligence', 'artificial immune system']"
Hein S. Venter,Pretoria,"['Botnet', 'mobile', 'malware', 'computational intelligence', 'artificial immune system']"
Pattama Charuenporn,Bangkok,"['quality of service', 'ITIL', 'COBIT', 'security metrics and measurement', 'security for web service']"
Sarun Intakosum,Bangkok,"['quality of service', 'ITIL', 'COBIT', 'security metrics and measurement', 'security for web service']"
Oscar Rebollo,Madrid,"['information security governance', 'cloud computing', 'systematic literature review']"
Daniel Mellado,Ciudad Real,"['information security governance', 'cloud computing', 'systematic literature review']"
Eduardo Fernández-Medina,Ciudad Real,"['information security governance', 'cloud computing', 'systematic literature review']"
Raimundas Matulevičius,Tartu,"['risk management', 'information system', 'security', 'secure tropos', 'syntax and semantics of modelling language']"
Haralambos Mouratidis,London,"['risk management', 'information system', 'security', 'secure tropos', 'syntax and semantics of modelling language']"
Nicolas Mayer,Luxembourg,"['risk management', 'information system', 'security', 'secure tropos', 'syntax and semantics of modelling language']"
Eric Dubois,Luxembourg,"['risk management', 'information system', 'security', 'secure tropos', 'syntax and semantics of modelling language']"
Patrick Heymans,Namur,"['risk management', 'information system', 'security', 'secure tropos', 'syntax and semantics of modelling language']"
Carla-Lee Botha,Pretoria,"['information security awareness', 'online banking', 'home users', 'legislation', 'best practice', 'South Africa']"
Elmarie Kritzinger,Pretoria,"['information security awareness', 'online banking', 'home users', 'legislation', 'best practice', 'South Africa']"
Marianne Loock,Pretoria,"['information security awareness', 'online banking', 'home users', 'legislation', 'best practice', 'South Africa']"
Jezabel Molina-Gil,Tenerife,"['VANETs', 'cooperation', 'self-management', 'security', 'misbehaviour', 'ITS']"
Pino Caballero-Gil,Tenerife,"['VANETs', 'cooperation', 'self-management', 'security', 'misbehaviour', 'ITS']"
Cándido Caballero-Gil,Tenerife,"['VANETs', 'cooperation', 'self-management', 'security', 'misbehaviour', 'ITS']"
Saïd Gharout,Caen,"['confidentiality', 'key management', 'group communication', 'mobility']"
Abdelmadjid Bouabdallah,Compiègne,"['confidentiality', 'key management', 'group communication', 'mobility']"
Yacine Challal,Compiègne,"['confidentiality', 'key management', 'group communication', 'mobility']"
Mohammed Achemlal,Caen,"['confidentiality', 'key management', 'group communication', 'mobility']"
Nadia Nedjah,Rio de Janeiro,[]
Luiza de Macedo Mourelle,Rio de Janeiro,[]
Freddy Bolanos,Medellin,"['multiprocessor-system-on-chip (MPSoC)', 'network-on-chip (NoC)', 'population-based incremental learning (PBIL)', 'computer-aided design (CAD)']"
Jose Edison Aedo,Medellin,"['multiprocessor-system-on-chip (MPSoC)', 'network-on-chip (NoC)', 'population-based incremental learning (PBIL)', 'computer-aided design (CAD)']"
Fredy Rivera,Medellin,"['multiprocessor-system-on-chip (MPSoC)', 'network-on-chip (NoC)', 'population-based incremental learning (PBIL)', 'computer-aided design (CAD)']"
Nader Bagherzadeh,Irvine,"['multiprocessor-system-on-chip (MPSoC)', 'network-on-chip (NoC)', 'population-based incremental learning (PBIL)', 'computer-aided design (CAD)']"
Luneque Silva Junior,Rio de Janeiro,"['network-on-chip', 'packet routing', 'ant colony optimization']"
Nadia Nedjah,Rio de Janeiro,"['network-on-chip', 'packet routing', 'ant colony optimization']"
Luiza de Macedo Mourelle,Rio de Janeiro,"['network-on-chip', 'packet routing', 'ant colony optimization']"
Maurizio Palesi,Enna,"['networks-on-chip', 'topological mapping', 'multi-objective optimization', 'routing algorithm', 'genetic algorithm', 'fault-tolerance', 'performance analysis']"
Rafael Tornero,Valencia,"['networks-on-chip', 'topological mapping', 'multi-objective optimization', 'routing algorithm', 'genetic algorithm', 'fault-tolerance', 'performance analysis']"
Juan Manuel Orduñna,Valencia,"['networks-on-chip', 'topological mapping', 'multi-objective optimization', 'routing algorithm', 'genetic algorithm', 'fault-tolerance', 'performance analysis']"
Vincenzo Catania,Catania,"['networks-on-chip', 'topological mapping', 'multi-objective optimization', 'routing algorithm', 'genetic algorithm', 'fault-tolerance', 'performance analysis']"
Daniela Panno,Catania,"['networks-on-chip', 'topological mapping', 'multi-objective optimization', 'routing algorithm', 'genetic algorithm', 'fault-tolerance', 'performance analysis']"
Jason J. Jung,Gyeongsan,[]
Przemysław Kazienko,Wrocław,[]
Wilas Chamlertwat,Bangkok,"['micro-blog', 'sentiment analysis', 'natural language processing', 'information extraction', 'information visualization']"
Pattarasinee Bhattarakosol,Bangkok,"['micro-blog', 'sentiment analysis', 'natural language processing', 'information extraction', 'information visualization']"
Tippakorn Rungkasiri,Bangkok,"['micro-blog', 'sentiment analysis', 'natural language processing', 'information extraction', 'information visualization']"
Choochart Haruechaiyasak,Pathumthani,"['micro-blog', 'sentiment analysis', 'natural language processing', 'information extraction', 'information visualization']"
Mahalakshmi G. Suryanarayanan,Chennai,"['fuzzy cognitive maps', 'knowledge networks']"
Dilip S. Sam,Chennai,"['fuzzy cognitive maps', 'knowledge networks']"
Sendhilkumar Selvaraju,Chennai,"['fuzzy cognitive maps', 'knowledge networks']"
Xuan Hau Pham,Gyeongsan,"['social pulse', 'social tagging', 'information propagation', 'inducibility']"
Jason J. Jung,Gyeongsan,"['social pulse', 'social tagging', 'information propagation', 'inducibility']"
Dosam Hwang,Gyeongsan,"['social pulse', 'social tagging', 'information propagation', 'inducibility']"
Ting Ting Qin,Hiroshima,"['P2P system', 'text clustering', 'automatic tag attachment', 'K-DMeans', 'TFIDCF']"
Satoshi Fujita,Hiroshima,"['P2P system', 'text clustering', 'automatic tag attachment', 'K-DMeans', 'TFIDCF']"
Victor Ströele,Rio de Janeiro,"['knowledge flow', 'Multi-relational Scientific Social Network Analysis', 'Max Flow Grouping Algorithm', 'weighted relationships']"
Geraldo Zimbrão,Rio de Janeiro,"['knowledge flow', 'Multi-relational Scientific Social Network Analysis', 'Max Flow Grouping Algorithm', 'weighted relationships']"
Jano M. Souza,Rio de Janeiro,"['knowledge flow', 'Multi-relational Scientific Social Network Analysis', 'Max Flow Grouping Algorithm', 'weighted relationships']"
Daqiang Zhang,Nanjing,[]
Huansheng Ning,Beijing,[]
Kevin S. Xu,Changzhou,[]
Feiyu Lin,Jönköping,[]
Laurence T. Yang,Vancouver,[]
Hongyu Huang,Chongqing,"['Vehicular Ad Hoc Network', 'Mobility Model', 'Taxi GPS Data']"
Daqiang Zhang,Nanjing,"['Vehicular Ad Hoc Network', 'Mobility Model', 'Taxi GPS Data']"
Yanmin Zhu,Shanghai,"['Vehicular Ad Hoc Network', 'Mobility Model', 'Taxi GPS Data']"
Minglu Li,Shanghai,"['Vehicular Ad Hoc Network', 'Mobility Model', 'Taxi GPS Data']"
Min-You Wu,Shanghai,"['Vehicular Ad Hoc Network', 'Mobility Model', 'Taxi GPS Data']"
Feiyu Lin,Changzhou,"['Internet of Things', 'context-aware computing', 'ontology matching']"
Kurt Sandkuhl,Rostock,"['Internet of Things', 'context-aware computing', 'ontology matching']"
Shoukun Xu,Changzhou,"['Internet of Things', 'context-aware computing', 'ontology matching']"
Huansheng Ning,Beijing,"['Internet of things', 'security', 'authentication protocol', 'directed path']"
Hong Liu,Beijing,"['Internet of things', 'security', 'authentication protocol', 'directed path']"
Qing Liu,Nanjing,"['Internet of things', 'security', 'authentication protocol', 'directed path']"
Genlin Ji,Nanjing,"['Internet of things', 'security', 'authentication protocol', 'directed path']"
Jian Chen,Tokorozawa,[]
Qun Jin,Tokorozawa,[]
Runhe Huang,Tokyo,[]
Bratislav Predic,Nis,"['traffic information systems', 'extended floating car data', 'accelerometer data', 'vehicle tracking']"
Dragan Stojanovic,Nis,"['traffic information systems', 'extended floating car data', 'accelerometer data', 'vehicle tracking']"
Xingang Liu,Chengdu,"['wireless multimedia sensor', 'H.264/AVC', 'intraframe coding', 'complexity']"
Jiantan Liu,Kyungsan,"['wireless multimedia sensor', 'H.264/AVC', 'intraframe coding', 'complexity']"
Kook-Yeol Yoo,Kyungsan,"['wireless multimedia sensor', 'H.264/AVC', 'intraframe coding', 'complexity']"
Haengrae Cho,Kyungsan,"['wireless multimedia sensor', 'H.264/AVC', 'intraframe coding', 'complexity']"
Qiang Liu,Beijing,"['IEEE 802.16e', 'mobile WiMAX', 'railway', 'network planning']"
Min Chen,Seoul,"['IEEE 802.16e', 'mobile WiMAX', 'railway', 'network planning']"
Jie Zhang,Beijing,"['IEEE 802.16e', 'mobile WiMAX', 'railway', 'network planning']"
Bingwen Shen,Beijing,"['IEEE 802.16e', 'mobile WiMAX', 'railway', 'network planning']"
Zhong Chu,Beijing,"['IEEE 802.16e', 'mobile WiMAX', 'railway', 'network planning']"
Xiaojun Qian,Nanjing,"['Internet of Things', 'mobile computing', 'security', 'elliptic curve cryptography']"
Xiaoping Che,Paris,"['Internet of Things', 'mobile computing', 'security', 'elliptic curve cryptography']"
Christian Gütl,Graz,[]
Robert Bucki,Bielsko-Biała,[]
Petr Suchanek,Opava,[]
Marijana Despotović-Zrakić,Belgrade,"['Web-based simulation', 'learning simulation', 'simulation model web repository', 'discrete event simulation', 'e-learning system', 'Moodle']"
Dusan Barać,Belgrade,"['Web-based simulation', 'learning simulation', 'simulation model web repository', 'discrete event simulation', 'e-learning system', 'Moodle']"
Zorica Bogdanović,Belgrade,"['Web-based simulation', 'learning simulation', 'simulation model web repository', 'discrete event simulation', 'e-learning system', 'Moodle']"
Branislav Jovanić,Belgrade,"['Web-based simulation', 'learning simulation', 'simulation model web repository', 'discrete event simulation', 'e-learning system', 'Moodle']"
Božidar Radenković,Belgrade,"['Web-based simulation', 'learning simulation', 'simulation model web repository', 'discrete event simulation', 'e-learning system', 'Moodle']"
Rafael Duque,Santander,"['computer-supported learning environments', 'analysis of problem-solving activities', 'model-driven development', 'visual languages']"
Lars Bollen,Enschede,"['computer-supported learning environments', 'analysis of problem-solving activities', 'model-driven development', 'visual languages']"
Anjo Anjewierden,Enschede,"['computer-supported learning environments', 'analysis of problem-solving activities', 'model-driven development', 'visual languages']"
Crescencio Bravo,Ciudad Real,"['computer-supported learning environments', 'analysis of problem-solving activities', 'model-driven development', 'visual languages']"
Jens Hellmers,Bremen,"['usability engineering', 'user experience questionnaire UEQ', 'Kano model']"
Jörg Thomaschewski,Emden,"['usability engineering', 'user experience questionnaire UEQ', 'Kano model']"
Eva-Maria Holt,Ratingen,"['usability engineering', 'user experience questionnaire UEQ', 'Kano model']"
Thomas Wriedt,Bremen,"['usability engineering', 'user experience questionnaire UEQ', 'Kano model']"
Marija Jovic,Belgrade,"['online product presentation', 'e-commerce', 'multimedia presentation']"
Dusan Milutinovic,Belgrade,"['online product presentation', 'e-commerce', 'multimedia presentation']"
Anton Kos,Ljubljana,"['online product presentation', 'e-commerce', 'multimedia presentation']"
Saso Tomazic,Ljubljana,"['online product presentation', 'e-commerce', 'multimedia presentation']"
Ester Martínez-Martín,Castellón,"['qualitative models', 'comonsense reasoning', 'spatial reasoning']"
M. Teresa Escrig,Castellón,"['qualitative models', 'comonsense reasoning', 'spatial reasoning']"
Angel P. del Pobil,Castellón,"['qualitative models', 'comonsense reasoning', 'spatial reasoning']"
Cao Mukun,Xiamen,"['automated negotiation', 'negotiation agent', 'multi-agent system', 'belief-desire-intention model', 'agent architecture', 'risk taking']"
Melody Y. Kiang,Long Beach,"['automated negotiation', 'negotiation agent', 'multi-agent system', 'belief-desire-intention model', 'agent architecture', 'risk taking']"
Francisco J. García-Peñalvo,Salamanca,[]
Marc Alier Forment,Barcelona,[]
Miltiadis D. Lytras,Gerakas,[]
Jordán Pascual Espada,Oviedo,"['Web applications', 'Web services', 'Web browser', 'Mobile devices', 'smartphone']"
Oscar Sanjuán Martínez,Madrid,"['Web applications', 'Web services', 'Web browser', 'Mobile devices', 'smartphone']"
B. Cristina Pelayo G-Bustelo,Oviedo,"['Web applications', 'Web services', 'Web browser', 'Mobile devices', 'smartphone']"
Juan Manuel Cueva Lovelle,Oviedo,"['Web applications', 'Web services', 'Web browser', 'Mobile devices', 'smartphone']"
Patricia Ordóñez de Pablos,Oviedo,"['Web applications', 'Web services', 'Web browser', 'Mobile devices', 'smartphone']"
David Griffiths,Bolton,"['Interoperability', 'Wookie', 'Widget', 'specification', 'W3C', 'Apache', 'IMS Learning Design', 'Mobile', 'Mash-up', 'personal learning environment']"
Mark Johnson,Bolton,"['Interoperability', 'Wookie', 'Widget', 'specification', 'W3C', 'Apache', 'IMS Learning Design', 'Mobile', 'Mash-up', 'personal learning environment']"
Kris Popat,Bolton,"['Interoperability', 'Wookie', 'Widget', 'specification', 'W3C', 'Apache', 'IMS Learning Design', 'Mobile', 'Mash-up', 'personal learning environment']"
Paul Sharples,Bolton,"['Interoperability', 'Wookie', 'Widget', 'specification', 'W3C', 'Apache', 'IMS Learning Design', 'Mobile', 'Mash-up', 'personal learning environment']"
Scott Wilson,Bolton,"['Interoperability', 'Wookie', 'Widget', 'specification', 'W3C', 'Apache', 'IMS Learning Design', 'Mobile', 'Mash-up', 'personal learning environment']"
Ricardo Queirós,Porto,"['e-Learning', 'interoperability', 'service oriented architectures']"
José Paulo Leal,Porto,"['e-Learning', 'interoperability', 'service oriented architectures']"
Marc Alier Forment,Barcelona,"['LMS', 'Google Docs', 'interoperability', 'eLearning', 'software as a service', 'cloud computing', 'VLE', 'PLE']"
María José Casany,Barcelona,"['LMS', 'Google Docs', 'interoperability', 'eLearning', 'software as a service', 'cloud computing', 'VLE', 'PLE']"
Enric Mayol,Barcelona,"['LMS', 'Google Docs', 'interoperability', 'eLearning', 'software as a service', 'cloud computing', 'VLE', 'PLE']"
Jordi Piguillem,Barcelona,"['LMS', 'Google Docs', 'interoperability', 'eLearning', 'software as a service', 'cloud computing', 'VLE', 'PLE']"
Nikolas Galanis,Salamanca,"['LMS', 'Google Docs', 'interoperability', 'eLearning', 'software as a service', 'cloud computing', 'VLE', 'PLE']"
Francisco J. García-Peñalvo,Salamanca,"['LMS', 'Google Docs', 'interoperability', 'eLearning', 'software as a service', 'cloud computing', 'VLE', 'PLE']"
Miguel Ángel Conde,Salamanca,"['LMS', 'Google Docs', 'interoperability', 'eLearning', 'software as a service', 'cloud computing', 'VLE', 'PLE']"
Anton Joha,London,"['cloud computing', 'SaaS', 'software as a Service', 'business model', 'design choices', 'sourcing']"
Marijn Janssen,Delft,"['cloud computing', 'SaaS', 'software as a Service', 'business model', 'design choices', 'sourcing']"
Yung Bok Kim,Seoul,"['Social Web', 'name card', 'QoS', 'utilization level', 'serviceability', 'cloud', 'SNS']"
Ricardo Colomo-Palacios,Madrid,"['information systems development', 'cloud computing', 'software as a service', 'software vendors']"
Eduardo Fernandes,Sao Paulo,"['information systems development', 'cloud computing', 'software as a service', 'software vendors']"
Marc Sabbagh,Asnières sur Seine,"['information systems development', 'cloud computing', 'software as a service', 'software vendors']"
Antonio de Amescua Seco,Madrid,"['information systems development', 'cloud computing', 'software as a service', 'software vendors']"
Miloš Milovanović,Belgrade,"['interoperability', 'multimodal biometry', 'open source', 'framework', 'security']"
Miroslav Minović,Belgrade,"['interoperability', 'multimodal biometry', 'open source', 'framework', 'security']"
Starčević Dušan,Belgrade,"['interoperability', 'multimodal biometry', 'open source', 'framework', 'security']"
Miguel García Rodríguez,Oviedo,"['service-oriented architectures', 'web services', 'cloud computing', 'semantic web', 'ontologies', 'data grounding', 'semantic web services', 'interoperability', 'mapping languages']"
Jose María Alvarez Rodríguez,Oviedo,"['service-oriented architectures', 'web services', 'cloud computing', 'semantic web', 'ontologies', 'data grounding', 'semantic web services', 'interoperability', 'mapping languages']"
Diego Berrueta Muñoz,Gijon,"['service-oriented architectures', 'web services', 'cloud computing', 'semantic web', 'ontologies', 'data grounding', 'semantic web services', 'interoperability', 'mapping languages']"
Luis Polo Paredes,Gijon,"['service-oriented architectures', 'web services', 'cloud computing', 'semantic web', 'ontologies', 'data grounding', 'semantic web services', 'interoperability', 'mapping languages']"
Jose Emilio Labra Gayo,Oviedo,"['service-oriented architectures', 'web services', 'cloud computing', 'semantic web', 'ontologies', 'data grounding', 'semantic web services', 'interoperability', 'mapping languages']"
Patricia Ordóñez de Pablos,Oviedo,"['service-oriented architectures', 'web services', 'cloud computing', 'semantic web', 'ontologies', 'data grounding', 'semantic web services', 'interoperability', 'mapping languages']"
Daniel Mellado,Madrid,[]
David G. Rosado,Ciudad Real,[]
Haralambos Mouratidis,London,"['security', 'privacy', 'constraints', 'goal modelling', 'meta-model']"
Christos Kalloniatis,Mytilene,"['security', 'privacy', 'constraints', 'goal modelling', 'meta-model']"
Shareeful Islam,London,"['security', 'privacy', 'constraints', 'goal modelling', 'meta-model']"
Marc-Philippe Huget,Annecy-Chambéry,"['security', 'privacy', 'constraints', 'goal modelling', 'meta-model']"
Stefanos Gritzalis,Mytilene,"['security', 'privacy', 'constraints', 'goal modelling', 'meta-model']"
Rahul Rastogi,Port Elizabeth,"['information security service culture', 'ISSC', 'Information security culture', 'culture', 'information security management']"
Rossouw von Solms,Port Elizabeth,"['information security service culture', 'ISSC', 'Information security culture', 'culture', 'information security management']"
Pedro Martinez-Julia,Murcia,"['Next Generation Internet', 'identity', 'privacy', 'overlay networks']"
Antonio F. Gómez-Skarmeta,Murcia,"['Next Generation Internet', 'identity', 'privacy', 'overlay networks']"
Thijs Baars,Utrecht,"['SeCA model', 'cloud security', 'cloud computing', 'case study', 'information security']"
Marco Spruit,Utrecht,"['SeCA model', 'cloud security', 'cloud computing', 'case study', 'information security']"
Reijo M. Savola,Oulu,"['security metrics', 'risk analysis', 'agile SW development']"
Christian Frühwirth,Espoo,"['security metrics', 'risk analysis', 'agile SW development']"
Ari Pietikäinen,Kirkkonummi,"['security metrics', 'risk analysis', 'agile SW development']"
Ismael Caballero,Ciudad Real,"['Health Management Information System (HMIS or HIS)', 'quality health information', 'security health information', 'software engineering', 'security', 'quality', 'HIS', 'Personal Health Record (PHR)', 'ElectroniccHealth Record (EHR)']"
Luis Enrique Sánchez,Ciudad Real,"['Health Management Information System (HMIS or HIS)', 'quality health information', 'security health information', 'software engineering', 'security', 'quality', 'HIS', 'Personal Health Record (PHR)', 'ElectroniccHealth Record (EHR)']"
Alberto Freitas,Porto,"['Health Management Information System (HMIS or HIS)', 'quality health information', 'security health information', 'software engineering', 'security', 'quality', 'HIS', 'Personal Health Record (PHR)', 'ElectroniccHealth Record (EHR)']"
Eduardo Fernández-Medina,Ciudad Real,"['Health Management Information System (HMIS or HIS)', 'quality health information', 'security health information', 'software engineering', 'security', 'quality', 'HIS', 'Personal Health Record (PHR)', 'ElectroniccHealth Record (EHR)']"
Sipho Ngobeni,Pretoria,"['wireless local area network', 'digital forensics', 'digital forensic readiness', 'access point', 'digital forensic process', 'cyber forensic experts', 'hash value', 'digital evidence', 'traffic']"
Hein Venter,Pretoria,"['wireless local area network', 'digital forensics', 'digital forensic readiness', 'access point', 'digital forensic process', 'cyber forensic experts', 'hash value', 'digital evidence', 'traffic']"
Ivan Burke,Pretoria,"['wireless local area network', 'digital forensics', 'digital forensic readiness', 'access point', 'digital forensic process', 'cyber forensic experts', 'hash value', 'digital evidence', 'traffic']"
Lin Ding,Zhengzhou,"['cryptanalysis', 'related-key attack', 'distinguishing attack', 'Py-family of stream ciphers', 'TRCR-32', 'TRCR-64']"
Jie Guan,Zhengzhou,"['cryptanalysis', 'related-key attack', 'distinguishing attack', 'Py-family of stream ciphers', 'TRCR-32', 'TRCR-64']"
Wen-long Sun,Zhengzhou,"['cryptanalysis', 'related-key attack', 'distinguishing attack', 'Py-family of stream ciphers', 'TRCR-32', 'TRCR-64']"
Atulya K. Nagar,Liverpool,[]
T. Robinson,Chennai,[]
Susan Elias,Chennai,"['membrane computing', 'distributed P systems', 'particle swarm optimisation', 'cross layer optimisation']"
Vanaja Gokul,Chennai,"['membrane computing', 'distributed P systems', 'particle swarm optimisation', 'cross layer optimisation']"
Kamala Krithivasan,Chennai,"['membrane computing', 'distributed P systems', 'particle swarm optimisation', 'cross layer optimisation']"
Marian Gheorghe,Sheffield,"['membrane computing', 'distributed P systems', 'particle swarm optimisation', 'cross layer optimisation']"
Gexiang Zhang,Sichuan,"['membrane computing', 'distributed P systems', 'particle swarm optimisation', 'cross layer optimisation']"
Yunyun Niu,Wuhan,"['membrane computing', 'P system', 'shuffle on trajectories', 'picture language']"
Jinbang Xu,Wuhan,"['membrane computing', 'P system', 'shuffle on trajectories', 'picture language']"
K.G. Subramanian,Penang,"['membrane computing', 'P system', 'shuffle on trajectories', 'picture language']"
Rosni Abdullah,Penang,"['membrane computing', 'P system', 'shuffle on trajectories', 'picture language']"
A.S. Prasanna Venkatesan,Chennai,"['membrane computing', 'P system', 'array languages', 'shuffle on trajectories']"
D.G. Thomas,India,"['membrane computing', 'P system', 'array languages', 'shuffle on trajectories']"
T. Robinson,Liverpool,"['membrane computing', 'P system', 'array languages', 'shuffle on trajectories']"
Gexiang Zhang,Chengdu,"['membrane computing', 'membrane algorithm', 'broadcasting problem', 'particle swarm optimization', 'membrane systems']"
Fen Zhou,Chengdu,"['membrane computing', 'membrane algorithm', 'broadcasting problem', 'particle swarm optimization', 'membrane systems']"
Xiaoli Huang,Chengdu,"['membrane computing', 'membrane algorithm', 'broadcasting problem', 'particle swarm optimization', 'membrane systems']"
Jixiang Cheng,Chengdu,"['membrane computing', 'membrane algorithm', 'broadcasting problem', 'particle swarm optimization', 'membrane systems']"
Marian Gheorghe,Sheffield,"['membrane computing', 'membrane algorithm', 'broadcasting problem', 'particle swarm optimization', 'membrane systems']"
Florentin Ipate,Pitesti,"['membrane computing', 'membrane algorithm', 'broadcasting problem', 'particle swarm optimization', 'membrane systems']"
Raluca Lefticaru,Pitesti,"['membrane computing', 'membrane algorithm', 'broadcasting problem', 'particle swarm optimization', 'membrane systems']"
Kusum Deep,Roorkee,"['Particle Swarm optimization', 'economic dispatch', 'Laplace Crossover', 'Quadratic Approximation Particle Swarm optimization']"
Jagdish Chand Bansal,Gwalior,"['Particle Swarm optimization', 'economic dispatch', 'Laplace Crossover', 'Quadratic Approximation Particle Swarm optimization']"
Musrrat Ali,Suwon,"['global optimization', 'differential evolution', 'trigonometric mutation', 'quadratic interpolation', 'local search']"
Millie Pant,Saharanpur,"['global optimization', 'differential evolution', 'trigonometric mutation', 'quadratic interpolation', 'local search']"
Atulya K. Nagar,Liverpool,"['global optimization', 'differential evolution', 'trigonometric mutation', 'quadratic interpolation', 'local search']"
Chang Wook Ahn,Suwon,"['global optimization', 'differential evolution', 'trigonometric mutation', 'quadratic interpolation', 'local search']"
Gurvinder Singh Baicher,Gwent,"['optimization', 'quadrature mirror filter bank', 'genetic algorithms', 'IIR filters', 'multirate filter bank', 'real-time implementation', 'pulse code modulation', 'polyphase decomposition']"
Basabdatta Sen Bhattacharya,Lincoln,"['Alpha rhythm', 'Event-related-(de)synchronisation', ""Alzheimer's disease"", 'thalamo-cortical model']"
Damien Coyle,Ulster,"['Alpha rhythm', 'Event-related-(de)synchronisation', ""Alzheimer's disease"", 'thalamo-cortical model']"
Liam P. Maguire,Ulster,"['Alpha rhythm', 'Event-related-(de)synchronisation', ""Alzheimer's disease"", 'thalamo-cortical model']"
Christian Gütl,Graz,[]
Antonio L. Bajuelos,Aveiro,"['computational geometry', 'art gallery problems', 'visibility and coverage problems', 'hybrid metaheuristics and approximation algorithms']"
Santiago Canales,Madrid,"['computational geometry', 'art gallery problems', 'visibility and coverage problems', 'hybrid metaheuristics and approximation algorithms']"
Gregorio Hernández,Madrid,"['computational geometry', 'art gallery problems', 'visibility and coverage problems', 'hybrid metaheuristics and approximation algorithms']"
Mafalda Martins,Aveiro,"['computational geometry', 'art gallery problems', 'visibility and coverage problems', 'hybrid metaheuristics and approximation algorithms']"
Alton Y.K. Chua,Singapore,"['m-learning', 'software project management', 'motivation', 'gaming']"
Radhika Shenoy Balkunje,Singapore,"['m-learning', 'software project management', 'motivation', 'gaming']"
Doron Drusinsky,Monterey,"['Hidden Markov Models', 'UML', 'statecharts', 'monitoring', 'patterns', 'hidden data']"
Wojciech Frączek,Warsaw,"['information hiding', 'network steganography', 'multilevel steganography', 'MLS']"
Wojciech Mazurczyk,Warsaw,"['information hiding', 'network steganography', 'multilevel steganography', 'MLS']"
Krzysztof Szczypiorski,Warsaw,"['information hiding', 'network steganography', 'multilevel steganography', 'MLS']"
Jörg Keller,Hagen,"['parallel merge sort', 'on-chip pipelining', 'multicore computing', 'task mapping', 'streaming computations']"
Christoph W. Kessler,Linköping,"['parallel merge sort', 'on-chip pipelining', 'multicore computing', 'task mapping', 'streaming computations']"
Rikard Hultén,Linköping,"['parallel merge sort', 'on-chip pipelining', 'multicore computing', 'task mapping', 'streaming computations']"
Alexander Meduna,Brno,"['formal languages', 'pure grammar systems', 'controlled derivations']"
Petr Zemek,Brno,"['formal languages', 'pure grammar systems', 'controlled derivations']"
Efi Papatheocharous,Nicosia,"['software cost estimation', 'artificial neural networks', 'input sensitivity analysis']"
Andreas S. Andreou,Lemesos,"['software cost estimation', 'artificial neural networks', 'input sensitivity analysis']"
Henna Suomi,Espoo,"['multipath communication', 'path diversity', 'net benefit', 'end user']"
Kalevi Kilkki,Espoo,"['multipath communication', 'path diversity', 'net benefit', 'end user']"
Heikki Hämmäinen,Espoo,"['multipath communication', 'path diversity', 'net benefit', 'end user']"
Carlos Delgado Kloos,Madrid,[]
Davinia Hernández-Leo,Barcelona,[]
Juan I. Asensio-Pérez,Valladolid,[]
Henriikka Vartiainen,Savonlinna,"['pedagogical model', 'learning by collaborative designing', 'learning object', 'project-based learning', 'design-oriented pedagogy']"
Anu Liljeström,Savonlina,"['pedagogical model', 'learning by collaborative designing', 'learning object', 'project-based learning', 'design-oriented pedagogy']"
Jorma Enkenberg,Savonlina,"['pedagogical model', 'learning by collaborative designing', 'learning object', 'project-based learning', 'design-oriented pedagogy']"
Nikolaos Avouris,Patras,"['mobile games', 'mobile learning', 'informal learning', 'location based games', 'game-based learning']"
Nikoleta Yiannoutsou,Patras,"['mobile games', 'mobile learning', 'informal learning', 'location based games', 'game-based learning']"
Stefaan Ternier,Heerlen,"['immersive learning games', 'augmented reality', 'augmented virtuality']"
Roland Klemke,Heerlen,"['immersive learning games', 'augmented reality', 'augmented virtuality']"
Marco Kalz,Heerlen,"['immersive learning games', 'augmented reality', 'augmented virtuality']"
Patricia van Ulzen,Heerlen,"['immersive learning games', 'augmented reality', 'augmented virtuality']"
Davinia Hernández-Leo,Barcelona,"['activities across spaces', 'CSCL', 'collaborative learning flows', 'classroom orchestration', 'augmented physical spaces', 'wearable devices']"
Raul Nieves,Barcelona,"['activities across spaces', 'CSCL', 'collaborative learning flows', 'classroom orchestration', 'augmented physical spaces', 'wearable devices']"
Ernesto Arroyo,Barcelona,"['activities across spaces', 'CSCL', 'collaborative learning flows', 'classroom orchestration', 'augmented physical spaces', 'wearable devices']"
Andrea Rosales,Barcelona,"['activities across spaces', 'CSCL', 'collaborative learning flows', 'classroom orchestration', 'augmented physical spaces', 'wearable devices']"
Javier Melero,Barcelona,"['activities across spaces', 'CSCL', 'collaborative learning flows', 'classroom orchestration', 'augmented physical spaces', 'wearable devices']"
Josep Blat,Barcelona,"['activities across spaces', 'CSCL', 'collaborative learning flows', 'classroom orchestration', 'augmented physical spaces', 'wearable devices']"
María Blanca Ibáñez,Madrid,"['hybrid learning environments', 'augmented reality', 'augmented virtuality', 'mirror worlds', '3D virtual worlds', 'architecture for virtual learning environments']"
David Maroto,Madrid,"['hybrid learning environments', 'augmented reality', 'augmented virtuality', 'mirror worlds', '3D virtual worlds', 'architecture for virtual learning environments']"
José Jesús García Rueda,Madrid,"['hybrid learning environments', 'augmented reality', 'augmented virtuality', 'mirror worlds', '3D virtual worlds', 'architecture for virtual learning environments']"
Derick Leony,Madrid,"['hybrid learning environments', 'augmented reality', 'augmented virtuality', 'mirror worlds', '3D virtual worlds', 'architecture for virtual learning environments']"
Carlos Delgado Kloos,Madrid,"['hybrid learning environments', 'augmented reality', 'augmented virtuality', 'mirror worlds', '3D virtual worlds', 'architecture for virtual learning environments']"
Christian Gütl,Graz,[]
Daniel Găină,Nomi,"['institution', 'Horn logic', 'proof theory', 'completeness', 'induction', 'constructor']"
Kokichi Futatsugi,Nomi,"['institution', 'Horn logic', 'proof theory', 'completeness', 'induction', 'constructor']"
Kazuhiro Ogata,Nomi,"['institution', 'Horn logic', 'proof theory', 'completeness', 'induction', 'constructor']"
Tarek F. Gharib,Jeddah,"['semantic web', 'ontology', 'corpus', 'word senses', 'word sense disambiguation (WSD)', 'coarse-grained word senses']"
Nagwa Badr,Cairo,"['semantic web', 'ontology', 'corpus', 'word senses', 'word sense disambiguation (WSD)', 'coarse-grained word senses']"
Shaimaa Haridy,Cairo,"['semantic web', 'ontology', 'corpus', 'word senses', 'word sense disambiguation (WSD)', 'coarse-grained word senses']"
Ajith Abraham,ashington,"['semantic web', 'ontology', 'corpus', 'word senses', 'word sense disambiguation (WSD)', 'coarse-grained word senses']"
David Griffiths,Bolton,"['W3C', 'Widget', 'affordance', 'Personal Learning Environment', 'learning design', 'app store', 'Apache', 'Wookie', 'Rave', 'EDUKapp', 'iTEC', 'Omelette', 'iCamp', 'ROLE']"
Mark William Johnson,Bolton,"['W3C', 'Widget', 'affordance', 'Personal Learning Environment', 'learning design', 'app store', 'Apache', 'Wookie', 'Rave', 'EDUKapp', 'iTEC', 'Omelette', 'iCamp', 'ROLE']"
Kris Popat,Bolton,"['W3C', 'Widget', 'affordance', 'Personal Learning Environment', 'learning design', 'app store', 'Apache', 'Wookie', 'Rave', 'EDUKapp', 'iTEC', 'Omelette', 'iCamp', 'ROLE']"
Paul Sharples,Bolton,"['W3C', 'Widget', 'affordance', 'Personal Learning Environment', 'learning design', 'app store', 'Apache', 'Wookie', 'Rave', 'EDUKapp', 'iTEC', 'Omelette', 'iCamp', 'ROLE']"
Scott Wilson,Bolton,"['W3C', 'Widget', 'affordance', 'Personal Learning Environment', 'learning design', 'app store', 'Apache', 'Wookie', 'Rave', 'EDUKapp', 'iTEC', 'Omelette', 'iCamp', 'ROLE']"
Rob J.M. Hartog,Wageningen,"['activating digital learning resources', 'learning objects', 'requirements engineering', 'design-oriented research', 'large-scale use']"
Adrie J.M. Beulens,Wageningen,"['activating digital learning resources', 'learning objects', 'requirements engineering', 'design-oriented research', 'large-scale use']"
Johannes Tramper,Wageningen,"['activating digital learning resources', 'learning objects', 'requirements engineering', 'design-oriented research', 'large-scale use']"
Atif Latif,Kiel,[]
Muhammad Tanvir Afzal,Islamabad,[]
Hermann Maurer,Graz,[]
María-Teresa Martín-Valdivia,Jaén,"['opinion mining', 'sentiment polarity', 'neutral examples', 'NLP']"
Arturo Montejo-Ráez,Jaén,"['opinion mining', 'sentiment polarity', 'neutral examples', 'NLP']"
Alfonso Ureña-López,Jaén,"['opinion mining', 'sentiment polarity', 'neutral examples', 'NLP']"
Mohammed Rushdi Saleh,Jaén,"['opinion mining', 'sentiment polarity', 'neutral examples', 'NLP']"
Javier Melero,Barcelona,"['literature review', 'ICT Engineering Education', 'teaching and learning strategies', 'constructivism', 'scaffolding']"
Davinia Hernández-Leo,Barcelona,"['literature review', 'ICT Engineering Education', 'teaching and learning strategies', 'constructivism', 'scaffolding']"
Josep Blat,Barcelona,"['literature review', 'ICT Engineering Education', 'teaching and learning strategies', 'constructivism', 'scaffolding']"
Hui Ma,Wellington,[]
Klaus-Dieter Schewe,Linz,[]
Bernhard Thalheim,Kiel,[]
Qing Wang,Canberra,[]
Juan M. Vara,Madrid,"['service evolution', 'model-driven engineering', 'compatibility', 'type theory']"
Vasilios Andrikopoulos,Stuttgart,"['service evolution', 'model-driven engineering', 'compatibility', 'type theory']"
Michael P. Papazoglou,Tilburg,"['service evolution', 'model-driven engineering', 'compatibility', 'type theory']"
Esperanza Marcos,Madrid,"['service evolution', 'model-driven engineering', 'compatibility', 'type theory']"
Jorge Roa,Santa Fe,"['verification', 'choreography', 'Web service', 'business process']"
Pablo Villarreal,Santa Fe,"['verification', 'choreography', 'Web service', 'business process']"
Omar Chiotti,Santa Fe,"['verification', 'choreography', 'Web service', 'business process']"
Jose Ignacio Fernández-Villamor,Madrid,"['mashups', 'services', 'widgets', 'components', 'discovery', 'integration']"
Carlos Á. Iglesias,Madrid,"['mashups', 'services', 'widgets', 'components', 'discovery', 'integration']"
Mercedes Garijo,Madrid,"['mashups', 'services', 'widgets', 'components', 'discovery', 'integration']"
Ji Ma,Hagenberg,"['risk assessment', 'access control', 'RBAC', 'poset', 'security classification']"
Ajantha Dahanayake,Riyadh,"['service systems', 'conceptual modelling', 'IT service systems', 'Web-based services', 'classical rhetorical frame', 'Hermagoras of Temnos', 'conceptual model for services']"
Bernhard Thalheim,Kiel,"['service systems', 'conceptual modelling', 'IT service systems', 'Web-based services', 'classical rhetorical frame', 'Hermagoras of Temnos', 'conceptual model for services']"
Valeria de Castro,Madrid,"['service-oriented', 'model-driven development', 'Web information systems']"
Juan Manuel Vara,Madrid,"['service-oriented', 'model-driven development', 'Web information systems']"
Esperanza Marcos,Madrid,"['service-oriented', 'model-driven development', 'Web information systems']"
Hongming Cai,Shanghai,"['conceptual model', 'software engineering', 'information systems', 'ontology', 'resource oriented architecture', 'business process', 'service composition']"
Boyi Xu,Shanghai,"['conceptual model', 'software engineering', 'information systems', 'ontology', 'resource oriented architecture', 'business process', 'service composition']"
Fenglin Bu,Shanghai,"['conceptual model', 'software engineering', 'information systems', 'ontology', 'resource oriented architecture', 'business process', 'service composition']"
Carlos Delgado Kloos,Madrid,[]
Christian Gütl,Graz,[]
Frank Kappe,Graz,[]
David Griol,Leganés,"['Virtual Worlds', 'Second Life', 'OpenSimulator', 'Sloodle', 'E-learning', 'speech interaction']"
José Manuel Molina,Leganés,"['Virtual Worlds', 'Second Life', 'OpenSimulator', 'Sloodle', 'E-learning', 'speech interaction']"
Araceli Sanchis de Miguel,Leganés,"['Virtual Worlds', 'Second Life', 'OpenSimulator', 'Sloodle', 'E-learning', 'speech interaction']"
Zoraida Callejas,Granada,"['Virtual Worlds', 'Second Life', 'OpenSimulator', 'Sloodle', 'E-learning', 'speech interaction']"
Nathan Labhart,Zürich,"['global teaching', 'intercultural learning', 'videoconference', '3D collaborative virtual environments']"
Béatrice S. Hasler,Herzliya,"['global teaching', 'intercultural learning', 'videoconference', '3D collaborative virtual environments']"
Andy Zbinden,Zürich,"['global teaching', 'intercultural learning', 'videoconference', '3D collaborative virtual environments']"
Andreas Schmeil,Lugano,"['global teaching', 'intercultural learning', 'videoconference', '3D collaborative virtual environments']"
María Blanca Ibáñez,Leganés,"['authoring tools', '3D collaborative virtual worlds', 'computer based assessment', 'TAM']"
José Jesús Garcia Rueda,Leganés,"['authoring tools', '3D collaborative virtual worlds', 'computer based assessment', 'TAM']"
Diego Morillo,Leganés,"['authoring tools', '3D collaborative virtual worlds', 'computer based assessment', 'TAM']"
Carlos Delgado Kloos,Leganés,"['authoring tools', '3D collaborative virtual worlds', 'computer based assessment', 'TAM']"
Pilar Sancho,Madrid,"['computer supported collaborative learning', 'problem based learning', 'learning in multi-user virtual environments']"
Javier Torrente,Madrid,"['computer supported collaborative learning', 'problem based learning', 'learning in multi-user virtual environments']"
Baltasar Fernández-Manjón,Madrid,"['computer supported collaborative learning', 'problem based learning', 'learning in multi-user virtual environments']"
Alok Mishra,Ankara,[]
Jürgen Münch,Helsinki,[]
Deepti Mishra,Ankara,[]
José Luis Hernández,Ciudad Real,"['trust', 'distributed software sevelopment (DSD)', 'global software development (GSD)', 'tools for GSD']"
Aurora Vizcaíno,Ciudad Real,"['trust', 'distributed software sevelopment (DSD)', 'global software development (GSD)', 'tools for GSD']"
Ismael Caballero,Ciudad Real,"['trust', 'distributed software sevelopment (DSD)', 'global software development (GSD)', 'tools for GSD']"
Gabriela Aranda,Neuquen,"['trust', 'distributed software sevelopment (DSD)', 'global software development (GSD)', 'tools for GSD']"
George M. Giaglis,Athens,"['FLOSS', 'open source development', 'virtual teams', 'distributed work', 'FreeBSD']"
Diomidis Spinellis,Athens,"['FLOSS', 'open source development', 'virtual teams', 'distributed work', 'FreeBSD']"
Ricardo Colomo-Palacios,Leganes,"['global software development', 'product manager', 'release planning', 'focus group', 'Delphi study']"
Pedro Soto-Acosta,Murcia,"['global software development', 'product manager', 'release planning', 'focus group', 'Delphi study']"
Francisco J. García-Peñalvo,Salamanca,"['global software development', 'product manager', 'release planning', 'focus group', 'Delphi study']"
Ángel García-Crespo,Leganes,"['global software development', 'product manager', 'release planning', 'focus group', 'Delphi study']"
Luis Iribarne,University of Almeria,"['MDE', 'component-based development', 'user interfaces', 'user interaction', 'cooperative systems']"
Nicolas Padilla,Almeria,"['MDE', 'component-based development', 'user interfaces', 'user interaction', 'cooperative systems']"
Javier Criado,Almeria,"['MDE', 'component-based development', 'user interfaces', 'user interaction', 'cooperative systems']"
Cristina Vicente-Chicote,Cartagena,"['MDE', 'component-based development', 'user interfaces', 'user interaction', 'cooperative systems']"
Gislaine Camila Lapasini Leal,Maringa,"['global software development', 'software process', 'test']"
Ana Paula Chaves,Campo Mourao,"['global software development', 'software process', 'test']"
Elisa Hatsue Moriya Huzita,Maringa,"['global software development', 'software process', 'test']"
Marcio Eduardo Delamaro,Sao Carlos,"['global software development', 'software process', 'test']"
Anuradha Mathrani,Auckland,"['distributed knowledge management', 'Tacit', 'Explicit', 'Experience Capture', 'Software Development']"
David Parsons,Auckland,"['distributed knowledge management', 'Tacit', 'Explicit', 'Experience Capture', 'Software Development']"
Sanjay Mathrani,Auckland,"['distributed knowledge management', 'Tacit', 'Explicit', 'Experience Capture', 'Software Development']"
Deepti Mishra,Ankara,"['global software development', 'distributed software development', 'software inspection', 'tool', 'software quality']"
Alok Mishra,Ankara,"['global software development', 'distributed software development', 'software inspection', 'tool', 'software quality']"
Christian Gütl,Graz,[]
Lutz Prechelt,Berlin,"['FNR', 'failures', 'forum', 'negative results']"
Mushtaq Ahmad,Pretoria,"['MPEG spelling variations', 'mapping', 'phonetic algorithms']"
Stefan Gruner,Pretoria,"['MPEG spelling variations', 'mapping', 'phonetic algorithms']"
Muhammad Tanvir Afzal,Islamabad,"['MPEG spelling variations', 'mapping', 'phonetic algorithms']"
Luiz F. Bittencourt,Campinas,"['load balancing', 'Nash equilibrium', 'game theory']"
Flávio K. Miyazawa,Campinas,"['load balancing', 'Nash equilibrium', 'game theory']"
André L. Vignatti,Campinas,"['load balancing', 'Nash equilibrium', 'game theory']"
Dario Della Monica,Reykjavik,"['interval neighborhood logics', 'undecidability', 'hybrid logics', 'interval length binders', 'first-order logic']"
Valentin Goranko,Copenhagen,"['interval neighborhood logics', 'undecidability', 'hybrid logics', 'interval length binders', 'first-order logic']"
Angelo Montanari,Udine,"['interval neighborhood logics', 'undecidability', 'hybrid logics', 'interval length binders', 'first-order logic']"
Guido Sciavicco,Murcia,"['interval neighborhood logics', 'undecidability', 'hybrid logics', 'interval length binders', 'first-order logic']"
Daewon Kim,Cheonan,"['mobile', 'augmented reality', 'image', 'object', 'recognition']"
Doosung Hwang,Cheonan,"['mobile', 'augmented reality', 'image', 'object', 'recognition']"
Jonas Lundberg,Vaxjo,"['static program analysis', 'points-to analysis', 'context sensitivity']"
Welf Lowe,Vaxjo,"['static program analysis', 'points-to analysis', 'context sensitivity']"
Iosif Petrakis,München,"['constructive mathematics', 'countable choice']"
Vladimir Tarasov,Jönköping,"['competence', 'competence managemen', 'competence profile', 'formalisation', 'ontology-based profile', 'OWL', 'Jena']"
Anton V. Uzunov,Adelaide,"['computer security', 'security engineering', 'secure software engineering', 'distributed systems', 'security methodologies', 'model driven security', 'secure software architectures', 'security patterns', 'model-based development', 'survey']"
Eduardo B. Fernandez,Boca Raton,"['computer security', 'security engineering', 'secure software engineering', 'distributed systems', 'security methodologies', 'model driven security', 'secure software architectures', 'security patterns', 'model-based development', 'survey']"
Katrina Falkner,Adelaide,"['computer security', 'security engineering', 'secure software engineering', 'distributed systems', 'security methodologies', 'model driven security', 'secure software architectures', 'security patterns', 'model-based development', 'survey']"
