Author,City,Keywords,coordinates
Francisco J. García-Peñalvo,Salamanca,[],POINT (-5.6640182 40.9651572)
Ricardo Colomo-Palacios,Madrid,[],POINT (-3.7035825 40.4167047)
Miltiadis D. Lytras,Gerakas,[],POINT (23.8560814 38.0120455)
Valentina Gatteschi,Torino,"['taxonomy', 'ontology', 'lifelong learning', 'qualifications', 'semantic engine']",POINT (7.6824892 45.0677551)
Fabrizio Lamberti,Torino,"['taxonomy', 'ontology', 'lifelong learning', 'qualifications', 'semantic engine']",POINT (7.6824892 45.0677551)
Claudio Demartini,Torino,"['taxonomy', 'ontology', 'lifelong learning', 'qualifications', 'semantic engine']",POINT (7.6824892 45.0677551)
Rob van Wezel,Ede,"['taxonomy', 'ontology', 'lifelong learning', 'qualifications', 'semantic engine']",POINT (-2.671522203148835 54.605648099999996)
Simonetta Bettiol,Venezia,"['taxonomy', 'ontology', 'lifelong learning', 'qualifications', 'semantic engine']",POINT (12.3345898 45.4371908)
Santi Caballe,Barcelona,"['collaborative learning', 'collaborative complex learning objects', 'virtualized collaborative sessions', 'on-line discussions']",POINT (2.1774322 41.3828939)
David Ganan,Barcelona,"['collaborative learning', 'collaborative complex learning objects', 'virtualized collaborative sessions', 'on-line discussions']",POINT (2.1774322 41.3828939)
Ian Dunwell,Coventry,"['collaborative learning', 'collaborative complex learning objects', 'virtualized collaborative sessions', 'on-line discussions']",POINT (-1.510477 52.4081812)
Anna Pierri,Baronissi,"['collaborative learning', 'collaborative complex learning objects', 'virtualized collaborative sessions', 'on-line discussions']",POINT (14.7699874 40.7469385)
Thanasis Daradoumis,Mytilene,"['collaborative learning', 'collaborative complex learning objects', 'virtualized collaborative sessions', 'on-line discussions']",POINT (26.554788 39.1037355)
Peter B. Sloep,Heerlen,"['networked learning', 'learning network', 'FP7', 'innovation', 'language technologies', 'idSpace', 'LTfLL', 'Handover']",POINT (5.981506585454879 50.8775239)
Adriana J. Berlanga,Heerlen,"['networked learning', 'learning network', 'FP7', 'innovation', 'language technologies', 'idSpace', 'LTfLL', 'Handover']",POINT (5.981506585454879 50.8775239)
Wolfgang Greller,Heerlen,"['networked learning', 'learning network', 'FP7', 'innovation', 'language technologies', 'idSpace', 'LTfLL', 'Handover']",POINT (5.981506585454879 50.8775239)
Slavi Stoyanov,Heerlen,"['networked learning', 'learning network', 'FP7', 'innovation', 'language technologies', 'idSpace', 'LTfLL', 'Handover']",POINT (5.981506585454879 50.8775239)
Marcel van der Klink,Heerlen,"['networked learning', 'learning network', 'FP7', 'innovation', 'language technologies', 'idSpace', 'LTfLL', 'Handover']",POINT (5.981506585454879 50.8775239)
Symeon Retalis,Piraeus,"['networked learning', 'learning network', 'FP7', 'innovation', 'language technologies', 'idSpace', 'LTfLL', 'Handover']",POINT (23.6470593 37.9431594)
Jan Hensgens,Maastricht,"['networked learning', 'learning network', 'FP7', 'innovation', 'language technologies', 'idSpace', 'LTfLL', 'Handover']",POINT (5.6909768 50.8512438)
Jesus G. Boticario,Madrid,"['educational standards', 'adaptive learning', 'user modelling', 'service oriented architecture', 'web accessibility', 'learning objects', 'metadata and learning', 'user-centred design']",POINT (-3.7035825 40.4167047)
Alejandro Rodriguez-Ascaso,Madrid,"['educational standards', 'adaptive learning', 'user modelling', 'service oriented architecture', 'web accessibility', 'learning objects', 'metadata and learning', 'user-centred design']",POINT (-3.7035825 40.4167047)
Olga C. Santos,Madrid,"['educational standards', 'adaptive learning', 'user modelling', 'service oriented architecture', 'web accessibility', 'learning objects', 'metadata and learning', 'user-centred design']",POINT (-3.7035825 40.4167047)
Emmanuelle Raffenne,Madrid,"['educational standards', 'adaptive learning', 'user modelling', 'service oriented architecture', 'web accessibility', 'learning objects', 'metadata and learning', 'user-centred design']",POINT (-3.7035825 40.4167047)
Lydia Montandon,Madrid,"['educational standards', 'adaptive learning', 'user modelling', 'service oriented architecture', 'web accessibility', 'learning objects', 'metadata and learning', 'user-centred design']",POINT (-3.7035825 40.4167047)
David Roldán,Madrid,"['educational standards', 'adaptive learning', 'user modelling', 'service oriented architecture', 'web accessibility', 'learning objects', 'metadata and learning', 'user-centred design']",POINT (-3.7035825 40.4167047)
Félix Buendía,Madrid,"['educational standards', 'adaptive learning', 'user modelling', 'service oriented architecture', 'web accessibility', 'learning objects', 'metadata and learning', 'user-centred design']",POINT (-3.7035825 40.4167047)
Benjamim Fonseca,Vila Real,"['computers in education', 'technology enhanced learning', 'entrepreneurship', 'entrepreneurship education', 'business education', 'serious games', 'Facebook', 'game based learning', 'EU project']",POINT (-7.7457614 41.2976935)
Leonel Morgado,Vila Real,"['computers in education', 'technology enhanced learning', 'entrepreneurship', 'entrepreneurship education', 'business education', 'serious games', 'Facebook', 'game based learning', 'EU project']",POINT (-7.7457614 41.2976935)
Hugo Paredes,Vila Real,"['computers in education', 'technology enhanced learning', 'entrepreneurship', 'entrepreneurship education', 'business education', 'serious games', 'Facebook', 'game based learning', 'EU project']",POINT (-7.7457614 41.2976935)
Paulo Martins,Vila Real,"['computers in education', 'technology enhanced learning', 'entrepreneurship', 'entrepreneurship education', 'business education', 'serious games', 'Facebook', 'game based learning', 'EU project']",POINT (-7.7457614 41.2976935)
Ramiro Gonçalves,Vila Real,"['computers in education', 'technology enhanced learning', 'entrepreneurship', 'entrepreneurship education', 'business education', 'serious games', 'Facebook', 'game based learning', 'EU project']",POINT (-7.7457614 41.2976935)
Pedro Neves,Vila Real,"['computers in education', 'technology enhanced learning', 'entrepreneurship', 'entrepreneurship education', 'business education', 'serious games', 'Facebook', 'game based learning', 'EU project']",POINT (-7.7457614 41.2976935)
Ricardo Rodrigues Nunes,Vila Real,"['computers in education', 'technology enhanced learning', 'entrepreneurship', 'entrepreneurship education', 'business education', 'serious games', 'Facebook', 'game based learning', 'EU project']",POINT (-7.7457614 41.2976935)
Jorge Lima,Vila Real,"['computers in education', 'technology enhanced learning', 'entrepreneurship', 'entrepreneurship education', 'business education', 'serious games', 'Facebook', 'game based learning', 'EU project']",POINT (-7.7457614 41.2976935)
João Varajão,Vila Real,"['computers in education', 'technology enhanced learning', 'entrepreneurship', 'entrepreneurship education', 'business education', 'serious games', 'Facebook', 'game based learning', 'EU project']",POINT (-7.7457614 41.2976935)
Ângela Pereira,Leiria,"['computers in education', 'technology enhanced learning', 'entrepreneurship', 'entrepreneurship education', 'business education', 'serious games', 'Facebook', 'game based learning', 'EU project']",POINT (-8.8071119 39.7437902)
Robert Sanders,Brussels,"['computers in education', 'technology enhanced learning', 'entrepreneurship', 'entrepreneurship education', 'business education', 'serious games', 'Facebook', 'game based learning', 'EU project']",POINT (-90.5887314 38.9494939)
Vera Barracho,Brussels,"['computers in education', 'technology enhanced learning', 'entrepreneurship', 'entrepreneurship education', 'business education', 'serious games', 'Facebook', 'game based learning', 'EU project']",POINT (-90.5887314 38.9494939)
Urban Lapajne,Maribor,"['computers in education', 'technology enhanced learning', 'entrepreneurship', 'entrepreneurship education', 'business education', 'serious games', 'Facebook', 'game based learning', 'EU project']",POINT (15.6455854 46.5576439)
Matej Rus,Maribor,"['computers in education', 'technology enhanced learning', 'entrepreneurship', 'entrepreneurship education', 'business education', 'serious games', 'Facebook', 'game based learning', 'EU project']",POINT (15.6455854 46.5576439)
Martin Rahe,Barcelona,"['computers in education', 'technology enhanced learning', 'entrepreneurship', 'entrepreneurship education', 'business education', 'serious games', 'Facebook', 'game based learning', 'EU project']",POINT (2.1774322 41.3828939)
Andre Mostert,London,"['computers in education', 'technology enhanced learning', 'entrepreneurship', 'entrepreneurship education', 'business education', 'serious games', 'Facebook', 'game based learning', 'EU project']",POINT (-0.1277653 51.5074456)
Thorsten Klein,London,"['computers in education', 'technology enhanced learning', 'entrepreneurship', 'entrepreneurship education', 'business education', 'serious games', 'Facebook', 'game based learning', 'EU project']",POINT (-0.1277653 51.5074456)
Viktorija Bojovic,Novi Sad,"['computers in education', 'technology enhanced learning', 'entrepreneurship', 'entrepreneurship education', 'business education', 'serious games', 'Facebook', 'game based learning', 'EU project']",POINT (19.8451756 45.2551338)
Saša Bošnjak,Novi Sad,"['computers in education', 'technology enhanced learning', 'entrepreneurship', 'entrepreneurship education', 'business education', 'serious games', 'Facebook', 'game based learning', 'EU project']",POINT (19.8451756 45.2551338)
Zita Bošnjak,Novi Sad,"['computers in education', 'technology enhanced learning', 'entrepreneurship', 'entrepreneurship education', 'business education', 'serious games', 'Facebook', 'game based learning', 'EU project']",POINT (19.8451756 45.2551338)
João Carvalho,Covilhã,"['computers in education', 'technology enhanced learning', 'entrepreneurship', 'entrepreneurship education', 'business education', 'serious games', 'Facebook', 'game based learning', 'EU project']",POINT (-7.5043211 40.2805658)
Isabel Duarte,Covilhã,"['computers in education', 'technology enhanced learning', 'entrepreneurship', 'entrepreneurship education', 'business education', 'serious games', 'Facebook', 'game based learning', 'EU project']",POINT (-7.5043211 40.2805658)
Andreana Casaramona,Messina,"['computers in education', 'technology enhanced learning', 'entrepreneurship', 'entrepreneurship education', 'business education', 'serious games', 'Facebook', 'game based learning', 'EU project']",POINT (15.5542082 38.1937571)
Alberto Soraci,Messina,"['computers in education', 'technology enhanced learning', 'entrepreneurship', 'entrepreneurship education', 'business education', 'serious games', 'Facebook', 'game based learning', 'EU project']",POINT (15.5542082 38.1937571)
Marc Alier,Barcelona,"['E-Learning', 'interoperability', 'open standards', 'open source', 'free software', 'LMS', 'Sakai', 'Moodle', 'IMS LTI', 'OKI', 'SOA', 'software as a service']",POINT (2.1774322 41.3828939)
Enric Mayol,Barcelona,"['E-Learning', 'interoperability', 'open standards', 'open source', 'free software', 'LMS', 'Sakai', 'Moodle', 'IMS LTI', 'OKI', 'SOA', 'software as a service']",POINT (2.1774322 41.3828939)
Maria Jose Casañ,Barcelona,"['E-Learning', 'interoperability', 'open standards', 'open source', 'free software', 'LMS', 'Sakai', 'Moodle', 'IMS LTI', 'OKI', 'SOA', 'software as a service']",POINT (2.1774322 41.3828939)
Jordi Piguillem,Barcelona,"['E-Learning', 'interoperability', 'open standards', 'open source', 'free software', 'LMS', 'Sakai', 'Moodle', 'IMS LTI', 'OKI', 'SOA', 'software as a service']",POINT (2.1774322 41.3828939)
Jeffrey W. Merriman,Cambridge,"['E-Learning', 'interoperability', 'open standards', 'open source', 'free software', 'LMS', 'Sakai', 'Moodle', 'IMS LTI', 'OKI', 'SOA', 'software as a service']",POINT (0.1186637 52.2055314)
Miguel Ángel Conde,Salamanca,"['E-Learning', 'interoperability', 'open standards', 'open source', 'free software', 'LMS', 'Sakai', 'Moodle', 'IMS LTI', 'OKI', 'SOA', 'software as a service']",POINT (-5.6640182 40.9651572)
Francisco J. García-Peñalvo,Salamanca,"['E-Learning', 'interoperability', 'open standards', 'open source', 'free software', 'LMS', 'Sakai', 'Moodle', 'IMS LTI', 'OKI', 'SOA', 'software as a service']",POINT (-5.6640182 40.9651572)
Wouter Tebben,Amsterdam,"['E-Learning', 'interoperability', 'open standards', 'open source', 'free software', 'LMS', 'Sakai', 'Moodle', 'IMS LTI', 'OKI', 'SOA', 'software as a service']",POINT (4.8924534 52.3730796)
Charles Severance,Ann Arbor,"['E-Learning', 'interoperability', 'open standards', 'open source', 'free software', 'LMS', 'Sakai', 'Moodle', 'IMS LTI', 'OKI', 'SOA', 'software as a service']",POINT (-83.7484616 42.2813722)
Edmundo Tovar,Madrid,"['OCW', 'OpenCourseWare', 'OER', 'open educational resources', 'semantic web', 'linked data', 'social networks analysis', 'SNA']",POINT (-3.7035825 40.4167047)
Nelson Piedra,Loja,"['OCW', 'OpenCourseWare', 'OER', 'open educational resources', 'semantic web', 'linked data', 'social networks analysis', 'SNA']",POINT (-79.8053425 -4.0528506)
Janneth Chicaiza,Loja,"['OCW', 'OpenCourseWare', 'OER', 'open educational resources', 'semantic web', 'linked data', 'social networks analysis', 'SNA']",POINT (-79.8053425 -4.0528506)
Jorge Lopez,Loja,"['OCW', 'OpenCourseWare', 'OER', 'open educational resources', 'semantic web', 'linked data', 'social networks analysis', 'SNA']",POINT (-79.8053425 -4.0528506)
Oscar Martinez-Bonastre,Elche,"['OCW', 'OpenCourseWare', 'OER', 'open educational resources', 'semantic web', 'linked data', 'social networks analysis', 'SNA']",POINT (-0.6988391 38.2653307)
Christian Gütl,Graz,[],POINT (15.4382786 47.0708678)
David Lizcano,Madrid,"['end-user development', 'end-user software engineering', 'domain experts', 'domain-specific software development', 'ecologies of participation']",POINT (-3.7035825 40.4167047)
Fernando Alonso,Madrid,"['end-user development', 'end-user software engineering', 'domain experts', 'domain-specific software development', 'ecologies of participation']",POINT (-3.7035825 40.4167047)
Javier Soriano,Madrid,"['end-user development', 'end-user software engineering', 'domain experts', 'domain-specific software development', 'ecologies of participation']",POINT (-3.7035825 40.4167047)
Genoveva López,Madrid,"['end-user development', 'end-user software engineering', 'domain experts', 'domain-specific software development', 'ecologies of participation']",POINT (-3.7035825 40.4167047)
Nadeem Mahmood,Karachi,"['temporal and fuzzy ontological framework', 'knowledge management systems', 'healthcare systems', 'patient information system', 'temporal and fuzzy database system']",POINT (67.2034654 25.0726735)
S. M. Aqil Burney,Karachi,"['temporal and fuzzy ontological framework', 'knowledge management systems', 'healthcare systems', 'patient information system', 'temporal and fuzzy database system']",POINT (67.2034654 25.0726735)
Kamran Ahsan,Stafford,"['temporal and fuzzy ontological framework', 'knowledge management systems', 'healthcare systems', 'patient information system', 'temporal and fuzzy database system']",POINT (-2.1163818 52.8063157)
Jorge Martinez-Gil,Málaga,"['ontology matching', 'knowledge integration', 'software tools']",POINT (-4.4216366 36.7213028)
Ismael Navas-Delgado,Málaga,"['ontology matching', 'knowledge integration', 'software tools']",POINT (-4.4216366 36.7213028)
Jose F. Aldana-Montes,Málaga,"['ontology matching', 'knowledge integration', 'software tools']",POINT (-4.4216366 36.7213028)
Goran Martinovic,Osijek,"['benchmark', 'operating system', 'performance evaluation', 'performance measurement', 'Windows 7', 'Windows Vista', 'Windows XP']",POINT (18.6953685 45.5548793)
Josip Balen,Osijek,"['benchmark', 'operating system', 'performance evaluation', 'performance measurement', 'Windows 7', 'Windows Vista', 'Windows XP']",POINT (18.6953685 45.5548793)
Bojan Cukic,Morgantown,"['benchmark', 'operating system', 'performance evaluation', 'performance measurement', 'Windows 7', 'Windows Vista', 'Windows XP']",POINT (-79.9559437 39.6296809)
Joaquin Olivares,Cordoba,"['video', 'high-speed arithmetics', 'parallel architectures', 'special-purpose and application-based systems']",POINT (-4.7760138 37.8845813)
Guillermo Vega-Gorgojo,Valladolid,"['C.2.4', 'H.3.3', 'K.3.1']",POINT (-4.728562 41.6521328)
Eduardo Gómez-Sánchez,Valladolid,"['C.2.4', 'H.3.3', 'K.3.1']",POINT (-4.728562 41.6521328)
Miguel L. Bote-Lorenzo,Valladolid,"['C.2.4', 'H.3.3', 'K.3.1']",POINT (-4.728562 41.6521328)
Lorenzo Cantoni,Lugano,[],POINT (8.9520281 46.0050102)
Isabella Rega,Lugano,[],POINT (8.9520281 46.0050102)
Stefan Minder,Bern,"['text-to-speech', 'TTS', 'e-learning', 'modality effect', 'split attention']",POINT (7.4521749 46.9484742)
Michele Notari,Bern,"['text-to-speech', 'TTS', 'e-learning', 'modality effect', 'split attention']",POINT (7.4521749 46.9484742)
Felix Schmitz,Bern,"['text-to-speech', 'TTS', 'e-learning', 'modality effect', 'split attention']",POINT (7.4521749 46.9484742)
Rainer Hofer,Bern,"['text-to-speech', 'TTS', 'e-learning', 'modality effect', 'split attention']",POINT (7.4521749 46.9484742)
Ulrich Woermann,Bern,"['text-to-speech', 'TTS', 'e-learning', 'modality effect', 'split attention']",POINT (7.4521749 46.9484742)
Mike Tissenbaum,Toronto,"['future classrooms', 'science education']",POINT (-79.3839347 43.6534817)
Michelle Lui,Toronto,"['future classrooms', 'science education']",POINT (-79.3839347 43.6534817)
James D. Slotta,Toronto,"['future classrooms', 'science education']",POINT (-79.3839347 43.6534817)
Luca Botturi,Locarno,"['gender', 'digital divide', 'college', 'Switzerland']",POINT (8.7954217 46.1695112)
Chiara Bramani,Lugano,"['gender', 'digital divide', 'college', 'Switzerland']",POINT (8.9520281 46.0050102)
Sean McCusker,Durham,"['gender', 'digital divide', 'college', 'Switzerland']",POINT (-1.5756205 54.7770139)
Paolo Ferri,Milan,"['social networks', 'Web 2.0', 'digital natives', 'personal learning environments']",POINT (9.1896346 45.4641943)
Andrea Pozzali,Rome,"['social networks', 'Web 2.0', 'digital natives', 'personal learning environments']",POINT (-85.1646726 34.257038)
Jue Wang,Genève,"['foreign language teaching and learning', 'tandem language learning', 'telecollaboration', 'intercultural competence', 'peer-to-peer correction', 'tutoring', 'design-based research']",POINT (6.1466014 46.2017559)
Claudia Berger,Genève,"['foreign language teaching and learning', 'tandem language learning', 'telecollaboration', 'intercultural competence', 'peer-to-peer correction', 'tutoring', 'design-based research']",POINT (6.1466014 46.2017559)
Nicolas Szilas,Genève,"['foreign language teaching and learning', 'tandem language learning', 'telecollaboration', 'intercultural competence', 'peer-to-peer correction', 'tutoring', 'design-based research']",POINT (6.1466014 46.2017559)
Isabella Rega,Lugano,"['ICT', 'teacher training', 'self-efficacy', 'quantitative methods', 'qualitative methods', 'disadvantaged contexts', 'ICT4E']",POINT (8.9520281 46.0050102)
Francesca Fanni,Lugano,"['ICT', 'teacher training', 'self-efficacy', 'quantitative methods', 'qualitative methods', 'disadvantaged contexts', 'ICT4E']",POINT (8.9520281 46.0050102)
Izak van Zyl,Lugano,"['home-based healthcare', 'informal learning', 'digital technologies', 'socio-cultural dynamics']",POINT (8.9520281 46.0050102)
Retha de la Harpe,Cape Town,"['home-based healthcare', 'informal learning', 'digital technologies', 'socio-cultural dynamics']",POINT (18.417396 -33.928992)
Jason J. Jung,Gyeongsan,[],POINT (128.741329 35.825122)
Przemysław Kazienko,Wrocław,[],POINT (17.0326689 51.1089776)
Qinna Wang,Lyon,"['fuzzy community detection', 'overlapping community detection', 'community detection', 'modularity', 'large-scale networks']",POINT (4.8320114 45.7578137)
Eric Fleury,Lyon,"['fuzzy community detection', 'overlapping community detection', 'community detection', 'modularity', 'large-scale networks']",POINT (4.8320114 45.7578137)
John Boaz Lee,Quezon City,"['social voter', 'social network analysis', 'logistic regression', 'social influence', 'election analysis']",POINT (121.04821 14.6508)
Gerard Cabunducan,Quezon City,"['social voter', 'social network analysis', 'logistic regression', 'social influence', 'election analysis']",POINT (121.04821 14.6508)
Francis George C. Cabarle,Quezon City,"['social voter', 'social network analysis', 'logistic regression', 'social influence', 'election analysis']",POINT (121.04821 14.6508)
Raphael Castillo,Quezon City,"['social voter', 'social network analysis', 'logistic regression', 'social influence', 'election analysis']",POINT (121.04821 14.6508)
Jasmine A. Malinao,Quezon City,"['social voter', 'social network analysis', 'logistic regression', 'social influence', 'election analysis']",POINT (121.04821 14.6508)
Onur C. Sert,Ankara,"['multi-objective clustering', 'NSGA-II', 'h-confidence']",POINT (32.8540497 39.9207759)
Kayhan Dursun,Ankara,"['multi-objective clustering', 'NSGA-II', 'h-confidence']",POINT (32.8540497 39.9207759)
Tansel Özyer,Ankara,"['multi-objective clustering', 'NSGA-II', 'h-confidence']",POINT (32.8540497 39.9207759)
Jamal Jida,Tripoli,"['multi-objective clustering', 'NSGA-II', 'h-confidence']",POINT (13.1777923 32.896672)
Reda Alhajj,Calgary,"['multi-objective clustering', 'NSGA-II', 'h-confidence']",POINT (-114.057541 51.0456064)
Joo Young Lee,Syracuse,"['social network', 'reputation management', 'community analysis', 'computer security']",POINT (-76.1474244 43.0481221)
Yue Duan,Syracuse,"['social network', 'reputation management', 'community analysis', 'computer security']",POINT (-76.1474244 43.0481221)
Jae C. Oh,Syracuse,"['social network', 'reputation management', 'community analysis', 'computer security']",POINT (-76.1474244 43.0481221)
Wenliang Du,Syracuse,"['social network', 'reputation management', 'community analysis', 'computer security']",POINT (-76.1474244 43.0481221)
Howard Blair,Syracuse,"['social network', 'reputation management', 'community analysis', 'computer security']",POINT (-76.1474244 43.0481221)
Lusha Wang,Syracuse,"['social network', 'reputation management', 'community analysis', 'computer security']",POINT (-76.1474244 43.0481221)
Xing Jin,Syracuse,"['social network', 'reputation management', 'community analysis', 'computer security']",POINT (-76.1474244 43.0481221)
I-Hsing Ting,Kaohsiung,"['social networks analysis', 'social recommendation system', 'microblogs', 'target marketing']",POINT (120.3120375 22.6203348)
Pei Shan Chang,Kaohsiung,"['social networks analysis', 'social recommendation system', 'microblogs', 'target marketing']",POINT (120.3120375 22.6203348)
Shyue-Liang Wang,Kaohsiung,"['social networks analysis', 'social recommendation system', 'microblogs', 'target marketing']",POINT (120.3120375 22.6203348)
Anna Zygmunt,Kraków,"['social network', 'social network analysis', 'SNA', 'social community extraction', 'social group', 'persistent group', 'stable social group', 'key person', 'role identification', 'blogosphere', 'CPM', 'fast modularity optimization', 'node position']",POINT (19.9368564 50.0619474)
Piotr Bródka,Wrocław,"['social network', 'social network analysis', 'SNA', 'social community extraction', 'social group', 'persistent group', 'stable social group', 'key person', 'role identification', 'blogosphere', 'CPM', 'fast modularity optimization', 'node position']",POINT (17.0326689 51.1089776)
Przemysław Kazienko,Wrocław,"['social network', 'social network analysis', 'SNA', 'social community extraction', 'social group', 'persistent group', 'stable social group', 'key person', 'role identification', 'blogosphere', 'CPM', 'fast modularity optimization', 'node position']",POINT (17.0326689 51.1089776)
Jarosław Koźlak,Kraków,"['social network', 'social network analysis', 'SNA', 'social community extraction', 'social group', 'persistent group', 'stable social group', 'key person', 'role identification', 'blogosphere', 'CPM', 'fast modularity optimization', 'node position']",POINT (19.9368564 50.0619474)
Christian Gütl,Graz,[],POINT (15.4382786 47.0708678)
Grzegorz Chmaj,Wrocław,"['computing systems', 'P2P', 'unicast', 'anycast', 'networks', 'simulation']",POINT (17.0326689 51.1089776)
Krzysztof Walkowiak,Wrocław,"['computing systems', 'P2P', 'unicast', 'anycast', 'networks', 'simulation']",POINT (17.0326689 51.1089776)
Ismael Hasan,Coruña,"['PDF', 'text preprocessing', 'text extraction', 'ordered text extraction', 'text mining', 'evaluation']",POINT (-8.3959425 43.3709703)
Javier Parapar,Coruña,"['PDF', 'text preprocessing', 'text extraction', 'ordered text extraction', 'text mining', 'evaluation']",POINT (-8.3959425 43.3709703)
Álvaro Barreiro,Coruña,"['PDF', 'text preprocessing', 'text extraction', 'ordered text extraction', 'text mining', 'evaluation']",POINT (-8.3959425 43.3709703)
Jong Wook Kim,El Segundo,"['Wikipedia', 'concept', 'semantic interpretation']",POINT (-118.4156337 33.917028)
Ashwin Kashyap,Palo Alto,"['Wikipedia', 'concept', 'semantic interpretation']",POINT (-122.1598465 37.4443293)
Sandilya Bhamidipati,Palo Alto,"['Wikipedia', 'concept', 'semantic interpretation']",POINT (-122.1598465 37.4443293)
Ahmed Nait-Sidi-Moh,Saint Quentin,"['web service access control', 'electronic exchanges', 'modeling', 'evaluation and simulation', 'dimensioning and improvement', 'Petri nets and (max', ' +)-algebra']",POINT (3.2876843 49.8465253)
Mohamed Bakhouya,Helsinki,"['web service access control', 'electronic exchanges', 'modeling', 'evaluation and simulation', 'dimensioning and improvement', 'Petri nets and (max', ' +)-algebra']",POINT (24.9427473 60.1674881)
Wafaa Ait-Cheik-Bihi,Strasbourg,"['web service access control', 'electronic exchanges', 'modeling', 'evaluation and simulation', 'dimensioning and improvement', 'Petri nets and (max', ' +)-algebra']",POINT (7.7507127 48.584614)
Jaafar Gaber,Belfort,"['web service access control', 'electronic exchanges', 'modeling', 'evaluation and simulation', 'dimensioning and improvement', 'Petri nets and (max', ' +)-algebra']",POINT (6.8628942 47.6379599)
Mabel Vazquez-Briseno,Ensenada,"['mobile computing', 'mobile information systems', 'software', 'mobile devices', 'multimedia']",POINT (-116.602983 31.8658887)
Pierre Vincent,Lille,"['mobile computing', 'mobile information systems', 'software', 'mobile devices', 'multimedia']",POINT (3.0635282 50.6365654)
Juan Ivan Nieto-Hipolito,Ensenada,"['mobile computing', 'mobile information systems', 'software', 'mobile devices', 'multimedia']",POINT (-116.602983 31.8658887)
Juan de Dios Sanchez-Lopez,Ensenada,"['mobile computing', 'mobile information systems', 'software', 'mobile devices', 'multimedia']",POINT (-116.602983 31.8658887)
David G. Rosado,Ciudad Real,[],POINT (-3.9285138 38.9854201)
Luis Enrique Sánchez,Ciudad Real,[],POINT (-3.9285138 38.9854201)
Eduardo Fernández-Medina,Dortmund,[],POINT (7.4652789 51.5142273)
Hannes Holm,Stockholm,"['cyber security', 'remote code execution', 'software vulnerabilities']",POINT (18.0710935 59.3251172)
Teodor Sommestad,Stockholm,"['cyber security', 'remote code execution', 'software vulnerabilities']",POINT (18.0710935 59.3251172)
Ulrik Franke,Stockholm,"['cyber security', 'remote code execution', 'software vulnerabilities']",POINT (18.0710935 59.3251172)
Mathias Ekstedt,Stockholm,"['cyber security', 'remote code execution', 'software vulnerabilities']",POINT (18.0710935 59.3251172)
Ickin Vural,Pretoria,"['Botnet', 'mobile', 'malware', 'computational intelligence', 'artificial immune system']",POINT (28.1879101 -25.7459277)
Hein S. Venter,Pretoria,"['Botnet', 'mobile', 'malware', 'computational intelligence', 'artificial immune system']",POINT (28.1879101 -25.7459277)
Pattama Charuenporn,Bangkok,"['quality of service', 'ITIL', 'COBIT', 'security metrics and measurement', 'security for web service']",POINT (100.4935089 13.7524938)
Sarun Intakosum,Bangkok,"['quality of service', 'ITIL', 'COBIT', 'security metrics and measurement', 'security for web service']",POINT (100.4935089 13.7524938)
Oscar Rebollo,Madrid,"['information security governance', 'cloud computing', 'systematic literature review']",POINT (-3.7035825 40.4167047)
Daniel Mellado,Ciudad Real,"['information security governance', 'cloud computing', 'systematic literature review']",POINT (-3.9285138 38.9854201)
Eduardo Fernández-Medina,Ciudad Real,"['information security governance', 'cloud computing', 'systematic literature review']",POINT (-3.9285138 38.9854201)
Raimundas Matulevičius,Tartu,"['risk management', 'information system', 'security', 'secure tropos', 'syntax and semantics of modelling language']",POINT (26.72245 58.3801207)
Haralambos Mouratidis,London,"['risk management', 'information system', 'security', 'secure tropos', 'syntax and semantics of modelling language']",POINT (-0.1277653 51.5074456)
Nicolas Mayer,Luxembourg,"['risk management', 'information system', 'security', 'secure tropos', 'syntax and semantics of modelling language']",POINT (6.129799 49.6112768)
Eric Dubois,Luxembourg,"['risk management', 'information system', 'security', 'secure tropos', 'syntax and semantics of modelling language']",POINT (6.129799 49.6112768)
Patrick Heymans,Namur,"['risk management', 'information system', 'security', 'secure tropos', 'syntax and semantics of modelling language']",POINT (4.8661892 50.4665284)
Carla-Lee Botha,Pretoria,"['information security awareness', 'online banking', 'home users', 'legislation', 'best practice', 'South Africa']",POINT (28.1879101 -25.7459277)
Elmarie Kritzinger,Pretoria,"['information security awareness', 'online banking', 'home users', 'legislation', 'best practice', 'South Africa']",POINT (28.1879101 -25.7459277)
Marianne Loock,Pretoria,"['information security awareness', 'online banking', 'home users', 'legislation', 'best practice', 'South Africa']",POINT (28.1879101 -25.7459277)
Jezabel Molina-Gil,Tenerife,"['VANETs', 'cooperation', 'self-management', 'security', 'misbehaviour', 'ITS']",POINT (-16.621447121144122 28.2935785)
Pino Caballero-Gil,Tenerife,"['VANETs', 'cooperation', 'self-management', 'security', 'misbehaviour', 'ITS']",POINT (-16.621447121144122 28.2935785)
Cándido Caballero-Gil,Tenerife,"['VANETs', 'cooperation', 'self-management', 'security', 'misbehaviour', 'ITS']",POINT (-16.621447121144122 28.2935785)
Saïd Gharout,Caen,"['confidentiality', 'key management', 'group communication', 'mobility']",POINT (-107.991707 61.0666922)
Abdelmadjid Bouabdallah,Compiègne,"['confidentiality', 'key management', 'group communication', 'mobility']",POINT (2.8263171 49.4179497)
Yacine Challal,Compiègne,"['confidentiality', 'key management', 'group communication', 'mobility']",POINT (2.8263171 49.4179497)
Mohammed Achemlal,Caen,"['confidentiality', 'key management', 'group communication', 'mobility']",POINT (-107.991707 61.0666922)
Nadia Nedjah,Rio de Janeiro,[],POINT (-43.2093727 -22.9110137)
Luiza de Macedo Mourelle,Rio de Janeiro,[],POINT (-43.2093727 -22.9110137)
Freddy Bolanos,Medellin,"['multiprocessor-system-on-chip (MPSoC)', 'network-on-chip (NoC)', 'population-based incremental learning (PBIL)', 'computer-aided design (CAD)']",POINT (-75.573553 6.2443382)
Jose Edison Aedo,Medellin,"['multiprocessor-system-on-chip (MPSoC)', 'network-on-chip (NoC)', 'population-based incremental learning (PBIL)', 'computer-aided design (CAD)']",POINT (-75.573553 6.2443382)
Fredy Rivera,Medellin,"['multiprocessor-system-on-chip (MPSoC)', 'network-on-chip (NoC)', 'population-based incremental learning (PBIL)', 'computer-aided design (CAD)']",POINT (-75.573553 6.2443382)
Nader Bagherzadeh,Irvine,"['multiprocessor-system-on-chip (MPSoC)', 'network-on-chip (NoC)', 'population-based incremental learning (PBIL)', 'computer-aided design (CAD)']",POINT (-117.8259819 33.6856969)
Luneque Silva Junior,Rio de Janeiro,"['network-on-chip', 'packet routing', 'ant colony optimization']",POINT (-43.2093727 -22.9110137)
Nadia Nedjah,Rio de Janeiro,"['network-on-chip', 'packet routing', 'ant colony optimization']",POINT (-43.2093727 -22.9110137)
Luiza de Macedo Mourelle,Rio de Janeiro,"['network-on-chip', 'packet routing', 'ant colony optimization']",POINT (-43.2093727 -22.9110137)
Maurizio Palesi,Enna,"['networks-on-chip', 'topological mapping', 'multi-objective optimization', 'routing algorithm', 'genetic algorithm', 'fault-tolerance', 'performance analysis']",POINT (14.2807473 37.5667573)
Rafael Tornero,Valencia,"['networks-on-chip', 'topological mapping', 'multi-objective optimization', 'routing algorithm', 'genetic algorithm', 'fault-tolerance', 'performance analysis']",POINT (-0.3763353 39.4697065)
Juan Manuel Orduñna,Valencia,"['networks-on-chip', 'topological mapping', 'multi-objective optimization', 'routing algorithm', 'genetic algorithm', 'fault-tolerance', 'performance analysis']",POINT (-0.3763353 39.4697065)
Vincenzo Catania,Catania,"['networks-on-chip', 'topological mapping', 'multi-objective optimization', 'routing algorithm', 'genetic algorithm', 'fault-tolerance', 'performance analysis']",POINT (15.0873718 37.5023612)
Daniela Panno,Catania,"['networks-on-chip', 'topological mapping', 'multi-objective optimization', 'routing algorithm', 'genetic algorithm', 'fault-tolerance', 'performance analysis']",POINT (15.0873718 37.5023612)
Jason J. Jung,Gyeongsan,[],POINT (128.741329 35.825122)
Przemysław Kazienko,Wrocław,[],POINT (17.0326689 51.1089776)
Wilas Chamlertwat,Bangkok,"['micro-blog', 'sentiment analysis', 'natural language processing', 'information extraction', 'information visualization']",POINT (100.4935089 13.7524938)
Pattarasinee Bhattarakosol,Bangkok,"['micro-blog', 'sentiment analysis', 'natural language processing', 'information extraction', 'information visualization']",POINT (100.4935089 13.7524938)
Tippakorn Rungkasiri,Bangkok,"['micro-blog', 'sentiment analysis', 'natural language processing', 'information extraction', 'information visualization']",POINT (100.4935089 13.7524938)
Choochart Haruechaiyasak,Pathumthani,"['micro-blog', 'sentiment analysis', 'natural language processing', 'information extraction', 'information visualization']",POINT (100.51976929479142 13.97270675)
Mahalakshmi G. Suryanarayanan,Chennai,"['fuzzy cognitive maps', 'knowledge networks']",POINT (80.270186 13.0836939)
Dilip S. Sam,Chennai,"['fuzzy cognitive maps', 'knowledge networks']",POINT (80.270186 13.0836939)
Sendhilkumar Selvaraju,Chennai,"['fuzzy cognitive maps', 'knowledge networks']",POINT (80.270186 13.0836939)
Xuan Hau Pham,Gyeongsan,"['social pulse', 'social tagging', 'information propagation', 'inducibility']",POINT (128.741329 35.825122)
Jason J. Jung,Gyeongsan,"['social pulse', 'social tagging', 'information propagation', 'inducibility']",POINT (128.741329 35.825122)
Dosam Hwang,Gyeongsan,"['social pulse', 'social tagging', 'information propagation', 'inducibility']",POINT (128.741329 35.825122)
Ting Ting Qin,Hiroshima,"['P2P system', 'text clustering', 'automatic tag attachment', 'K-DMeans', 'TFIDCF']",POINT (132.4517589 34.3917241)
Satoshi Fujita,Hiroshima,"['P2P system', 'text clustering', 'automatic tag attachment', 'K-DMeans', 'TFIDCF']",POINT (132.4517589 34.3917241)
Victor Ströele,Rio de Janeiro,"['knowledge flow', 'Multi-relational Scientific Social Network Analysis', 'Max Flow Grouping Algorithm', 'weighted relationships']",POINT (-43.2093727 -22.9110137)
Geraldo Zimbrão,Rio de Janeiro,"['knowledge flow', 'Multi-relational Scientific Social Network Analysis', 'Max Flow Grouping Algorithm', 'weighted relationships']",POINT (-43.2093727 -22.9110137)
Jano M. Souza,Rio de Janeiro,"['knowledge flow', 'Multi-relational Scientific Social Network Analysis', 'Max Flow Grouping Algorithm', 'weighted relationships']",POINT (-43.2093727 -22.9110137)
Daqiang Zhang,Nanjing,[],POINT (118.7788631 32.0438284)
Huansheng Ning,Beijing,[],POINT (116.412144 40.190632)
Kevin S. Xu,Changzhou,[],POINT (119.9691539 31.8122623)
Feiyu Lin,Jönköping,[],POINT (14.165719 57.7825634)
Laurence T. Yang,Vancouver,[],POINT (-123.113952 49.2608724)
Hongyu Huang,Chongqing,"['Vehicular Ad Hoc Network', 'Mobility Model', 'Taxi GPS Data']",POINT (106.5479189 29.5656729)
Daqiang Zhang,Nanjing,"['Vehicular Ad Hoc Network', 'Mobility Model', 'Taxi GPS Data']",POINT (118.7788631 32.0438284)
Yanmin Zhu,Shanghai,"['Vehicular Ad Hoc Network', 'Mobility Model', 'Taxi GPS Data']",POINT (121.4700152 31.2312707)
Minglu Li,Shanghai,"['Vehicular Ad Hoc Network', 'Mobility Model', 'Taxi GPS Data']",POINT (121.4700152 31.2312707)
Min-You Wu,Shanghai,"['Vehicular Ad Hoc Network', 'Mobility Model', 'Taxi GPS Data']",POINT (121.4700152 31.2312707)
Feiyu Lin,Changzhou,"['Internet of Things', 'context-aware computing', 'ontology matching']",POINT (119.9691539 31.8122623)
Kurt Sandkuhl,Rostock,"['Internet of Things', 'context-aware computing', 'ontology matching']",POINT (12.1400211 54.0886707)
Shoukun Xu,Changzhou,"['Internet of Things', 'context-aware computing', 'ontology matching']",POINT (119.9691539 31.8122623)
Huansheng Ning,Beijing,"['Internet of things', 'security', 'authentication protocol', 'directed path']",POINT (116.412144 40.190632)
Hong Liu,Beijing,"['Internet of things', 'security', 'authentication protocol', 'directed path']",POINT (116.412144 40.190632)
Qing Liu,Nanjing,"['Internet of things', 'security', 'authentication protocol', 'directed path']",POINT (118.7788631 32.0438284)
Genlin Ji,Nanjing,"['Internet of things', 'security', 'authentication protocol', 'directed path']",POINT (118.7788631 32.0438284)
Jian Chen,Tokorozawa,[],POINT (139.4687478 35.7994271)
Qun Jin,Tokorozawa,[],POINT (139.4687478 35.7994271)
Runhe Huang,Tokyo,[],POINT (139.7439399 35.6847397)
Bratislav Predic,Nis,"['traffic information systems', 'extended floating car data', 'accelerometer data', 'vehicle tracking']",POINT (21.8959232 43.3211301)
Dragan Stojanovic,Nis,"['traffic information systems', 'extended floating car data', 'accelerometer data', 'vehicle tracking']",POINT (21.8959232 43.3211301)
Xingang Liu,Chengdu,"['wireless multimedia sensor', 'H.264/AVC', 'intraframe coding', 'complexity']",POINT (104.0708278 30.7001324)
Jiantan Liu,Kyungsan,"['wireless multimedia sensor', 'H.264/AVC', 'intraframe coding', 'complexity']",POINT (128.5730099 35.8715091)
Kook-Yeol Yoo,Kyungsan,"['wireless multimedia sensor', 'H.264/AVC', 'intraframe coding', 'complexity']",POINT (128.5730099 35.8715091)
Haengrae Cho,Kyungsan,"['wireless multimedia sensor', 'H.264/AVC', 'intraframe coding', 'complexity']",POINT (128.5730099 35.8715091)
Qiang Liu,Beijing,"['IEEE 802.16e', 'mobile WiMAX', 'railway', 'network planning']",POINT (116.412144 40.190632)
Min Chen,Seoul,"['IEEE 802.16e', 'mobile WiMAX', 'railway', 'network planning']",POINT (126.9782914 37.5666791)
Jie Zhang,Beijing,"['IEEE 802.16e', 'mobile WiMAX', 'railway', 'network planning']",POINT (116.412144 40.190632)
Bingwen Shen,Beijing,"['IEEE 802.16e', 'mobile WiMAX', 'railway', 'network planning']",POINT (116.412144 40.190632)
Zhong Chu,Beijing,"['IEEE 802.16e', 'mobile WiMAX', 'railway', 'network planning']",POINT (116.412144 40.190632)
Xiaojun Qian,Nanjing,"['Internet of Things', 'mobile computing', 'security', 'elliptic curve cryptography']",POINT (118.7788631 32.0438284)
Xiaoping Che,Paris,"['Internet of Things', 'mobile computing', 'security', 'elliptic curve cryptography']",POINT (2.3200410217200766 48.8588897)
Christian Gütl,Graz,[],POINT (15.4382786 47.0708678)
Robert Bucki,Bielsko-Biała,[],POINT (19.0448936 49.822118)
Petr Suchanek,Opava,[],POINT (17.9024174 49.9389004)
Marijana Despotović-Zrakić,Belgrade,"['Web-based simulation', 'learning simulation', 'simulation model web repository', 'discrete event simulation', 'e-learning system', 'Moodle']",POINT (-111.184535 45.773279)
Dusan Barać,Belgrade,"['Web-based simulation', 'learning simulation', 'simulation model web repository', 'discrete event simulation', 'e-learning system', 'Moodle']",POINT (-111.184535 45.773279)
Zorica Bogdanović,Belgrade,"['Web-based simulation', 'learning simulation', 'simulation model web repository', 'discrete event simulation', 'e-learning system', 'Moodle']",POINT (-111.184535 45.773279)
Branislav Jovanić,Belgrade,"['Web-based simulation', 'learning simulation', 'simulation model web repository', 'discrete event simulation', 'e-learning system', 'Moodle']",POINT (-111.184535 45.773279)
Božidar Radenković,Belgrade,"['Web-based simulation', 'learning simulation', 'simulation model web repository', 'discrete event simulation', 'e-learning system', 'Moodle']",POINT (-111.184535 45.773279)
Rafael Duque,Santander,"['computer-supported learning environments', 'analysis of problem-solving activities', 'model-driven development', 'visual languages']",POINT (-3.8099719 43.4620412)
Lars Bollen,Enschede,"['computer-supported learning environments', 'analysis of problem-solving activities', 'model-driven development', 'visual languages']",POINT (6.870595664097989 52.22336325)
Anjo Anjewierden,Enschede,"['computer-supported learning environments', 'analysis of problem-solving activities', 'model-driven development', 'visual languages']",POINT (6.870595664097989 52.22336325)
Crescencio Bravo,Ciudad Real,"['computer-supported learning environments', 'analysis of problem-solving activities', 'model-driven development', 'visual languages']",POINT (-3.9285138 38.9854201)
Jens Hellmers,Bremen,"['usability engineering', 'user experience questionnaire UEQ', 'Kano model']",POINT (8.8071646 53.0758196)
Jörg Thomaschewski,Emden,"['usability engineering', 'user experience questionnaire UEQ', 'Kano model']",POINT (7.2058304 53.3670541)
Eva-Maria Holt,Ratingen,"['usability engineering', 'user experience questionnaire UEQ', 'Kano model']",POINT (6.8493503 51.2973261)
Thomas Wriedt,Bremen,"['usability engineering', 'user experience questionnaire UEQ', 'Kano model']",POINT (8.8071646 53.0758196)
Marija Jovic,Belgrade,"['online product presentation', 'e-commerce', 'multimedia presentation']",POINT (-111.184535 45.773279)
Dusan Milutinovic,Belgrade,"['online product presentation', 'e-commerce', 'multimedia presentation']",POINT (-111.184535 45.773279)
Anton Kos,Ljubljana,"['online product presentation', 'e-commerce', 'multimedia presentation']",POINT (14.5069289 46.0500268)
Saso Tomazic,Ljubljana,"['online product presentation', 'e-commerce', 'multimedia presentation']",POINT (14.5069289 46.0500268)
Ester Martínez-Martín,Castellón,"['qualitative models', 'comonsense reasoning', 'spatial reasoning']",POINT (-0.0615052108330179 40.25185675)
M. Teresa Escrig,Castellón,"['qualitative models', 'comonsense reasoning', 'spatial reasoning']",POINT (-0.0615052108330179 40.25185675)
Angel P. del Pobil,Castellón,"['qualitative models', 'comonsense reasoning', 'spatial reasoning']",POINT (-0.0615052108330179 40.25185675)
Cao Mukun,Xiamen,"['automated negotiation', 'negotiation agent', 'multi-agent system', 'belief-desire-intention model', 'agent architecture', 'risk taking']",POINT (118.0853479 24.4801069)
Melody Y. Kiang,Long Beach,"['automated negotiation', 'negotiation agent', 'multi-agent system', 'belief-desire-intention model', 'agent architecture', 'risk taking']",POINT (-118.191604 33.7690164)
Francisco J. García-Peñalvo,Salamanca,[],POINT (-5.6640182 40.9651572)
Marc Alier Forment,Barcelona,[],POINT (2.1774322 41.3828939)
Miltiadis D. Lytras,Gerakas,[],POINT (23.8560814 38.0120455)
Jordán Pascual Espada,Oviedo,"['Web applications', 'Web services', 'Web browser', 'Mobile devices', 'smartphone']",POINT (-5.8483581 43.3618625)
Oscar Sanjuán Martínez,Madrid,"['Web applications', 'Web services', 'Web browser', 'Mobile devices', 'smartphone']",POINT (-3.7035825 40.4167047)
B. Cristina Pelayo G-Bustelo,Oviedo,"['Web applications', 'Web services', 'Web browser', 'Mobile devices', 'smartphone']",POINT (-5.8483581 43.3618625)
Juan Manuel Cueva Lovelle,Oviedo,"['Web applications', 'Web services', 'Web browser', 'Mobile devices', 'smartphone']",POINT (-5.8483581 43.3618625)
Patricia Ordóñez de Pablos,Oviedo,"['Web applications', 'Web services', 'Web browser', 'Mobile devices', 'smartphone']",POINT (-5.8483581 43.3618625)
David Griffiths,Bolton,"['Interoperability', 'Wookie', 'Widget', 'specification', 'W3C', 'Apache', 'IMS Learning Design', 'Mobile', 'Mash-up', 'personal learning environment']",POINT (-2.4300367 53.5782863)
Mark Johnson,Bolton,"['Interoperability', 'Wookie', 'Widget', 'specification', 'W3C', 'Apache', 'IMS Learning Design', 'Mobile', 'Mash-up', 'personal learning environment']",POINT (-2.4300367 53.5782863)
Kris Popat,Bolton,"['Interoperability', 'Wookie', 'Widget', 'specification', 'W3C', 'Apache', 'IMS Learning Design', 'Mobile', 'Mash-up', 'personal learning environment']",POINT (-2.4300367 53.5782863)
Paul Sharples,Bolton,"['Interoperability', 'Wookie', 'Widget', 'specification', 'W3C', 'Apache', 'IMS Learning Design', 'Mobile', 'Mash-up', 'personal learning environment']",POINT (-2.4300367 53.5782863)
Scott Wilson,Bolton,"['Interoperability', 'Wookie', 'Widget', 'specification', 'W3C', 'Apache', 'IMS Learning Design', 'Mobile', 'Mash-up', 'personal learning environment']",POINT (-2.4300367 53.5782863)
Ricardo Queirós,Porto,"['e-Learning', 'interoperability', 'service oriented architectures']",POINT (-8.6107884 41.1494512)
José Paulo Leal,Porto,"['e-Learning', 'interoperability', 'service oriented architectures']",POINT (-8.6107884 41.1494512)
Marc Alier Forment,Barcelona,"['LMS', 'Google Docs', 'interoperability', 'eLearning', 'software as a service', 'cloud computing', 'VLE', 'PLE']",POINT (2.1774322 41.3828939)
María José Casany,Barcelona,"['LMS', 'Google Docs', 'interoperability', 'eLearning', 'software as a service', 'cloud computing', 'VLE', 'PLE']",POINT (2.1774322 41.3828939)
Enric Mayol,Barcelona,"['LMS', 'Google Docs', 'interoperability', 'eLearning', 'software as a service', 'cloud computing', 'VLE', 'PLE']",POINT (2.1774322 41.3828939)
Jordi Piguillem,Barcelona,"['LMS', 'Google Docs', 'interoperability', 'eLearning', 'software as a service', 'cloud computing', 'VLE', 'PLE']",POINT (2.1774322 41.3828939)
Nikolas Galanis,Salamanca,"['LMS', 'Google Docs', 'interoperability', 'eLearning', 'software as a service', 'cloud computing', 'VLE', 'PLE']",POINT (-5.6640182 40.9651572)
Francisco J. García-Peñalvo,Salamanca,"['LMS', 'Google Docs', 'interoperability', 'eLearning', 'software as a service', 'cloud computing', 'VLE', 'PLE']",POINT (-5.6640182 40.9651572)
Miguel Ángel Conde,Salamanca,"['LMS', 'Google Docs', 'interoperability', 'eLearning', 'software as a service', 'cloud computing', 'VLE', 'PLE']",POINT (-5.6640182 40.9651572)
Anton Joha,London,"['cloud computing', 'SaaS', 'software as a Service', 'business model', 'design choices', 'sourcing']",POINT (-0.1277653 51.5074456)
Marijn Janssen,Delft,"['cloud computing', 'SaaS', 'software as a Service', 'business model', 'design choices', 'sourcing']",POINT (4.362724538543995 51.999457199999995)
Yung Bok Kim,Seoul,"['Social Web', 'name card', 'QoS', 'utilization level', 'serviceability', 'cloud', 'SNS']",POINT (126.9782914 37.5666791)
Ricardo Colomo-Palacios,Madrid,"['information systems development', 'cloud computing', 'software as a service', 'software vendors']",POINT (-3.7035825 40.4167047)
Eduardo Fernandes,Sao Paulo,"['information systems development', 'cloud computing', 'software as a service', 'software vendors']",POINT (-46.6333824 -23.5506507)
Marc Sabbagh,Asnières sur Seine,"['information systems development', 'cloud computing', 'software as a service', 'software vendors']",POINT (2.2890454 48.9105948)
Antonio de Amescua Seco,Madrid,"['information systems development', 'cloud computing', 'software as a service', 'software vendors']",POINT (-3.7035825 40.4167047)
Miloš Milovanović,Belgrade,"['interoperability', 'multimodal biometry', 'open source', 'framework', 'security']",POINT (-111.184535 45.773279)
Miroslav Minović,Belgrade,"['interoperability', 'multimodal biometry', 'open source', 'framework', 'security']",POINT (-111.184535 45.773279)
Starčević Dušan,Belgrade,"['interoperability', 'multimodal biometry', 'open source', 'framework', 'security']",POINT (-111.184535 45.773279)
Miguel García Rodríguez,Oviedo,"['service-oriented architectures', 'web services', 'cloud computing', 'semantic web', 'ontologies', 'data grounding', 'semantic web services', 'interoperability', 'mapping languages']",POINT (-5.8483581 43.3618625)
Jose María Alvarez Rodríguez,Oviedo,"['service-oriented architectures', 'web services', 'cloud computing', 'semantic web', 'ontologies', 'data grounding', 'semantic web services', 'interoperability', 'mapping languages']",POINT (-5.8483581 43.3618625)
Diego Berrueta Muñoz,Gijon,"['service-oriented architectures', 'web services', 'cloud computing', 'semantic web', 'ontologies', 'data grounding', 'semantic web services', 'interoperability', 'mapping languages']",POINT (-5.66275 43.5449422)
Luis Polo Paredes,Gijon,"['service-oriented architectures', 'web services', 'cloud computing', 'semantic web', 'ontologies', 'data grounding', 'semantic web services', 'interoperability', 'mapping languages']",POINT (-5.66275 43.5449422)
Jose Emilio Labra Gayo,Oviedo,"['service-oriented architectures', 'web services', 'cloud computing', 'semantic web', 'ontologies', 'data grounding', 'semantic web services', 'interoperability', 'mapping languages']",POINT (-5.8483581 43.3618625)
Patricia Ordóñez de Pablos,Oviedo,"['service-oriented architectures', 'web services', 'cloud computing', 'semantic web', 'ontologies', 'data grounding', 'semantic web services', 'interoperability', 'mapping languages']",POINT (-5.8483581 43.3618625)
Daniel Mellado,Madrid,[],POINT (-3.7035825 40.4167047)
David G. Rosado,Ciudad Real,[],POINT (-3.9285138 38.9854201)
Haralambos Mouratidis,London,"['security', 'privacy', 'constraints', 'goal modelling', 'meta-model']",POINT (-0.1277653 51.5074456)
Christos Kalloniatis,Mytilene,"['security', 'privacy', 'constraints', 'goal modelling', 'meta-model']",POINT (26.554788 39.1037355)
Shareeful Islam,London,"['security', 'privacy', 'constraints', 'goal modelling', 'meta-model']",POINT (-0.1277653 51.5074456)
Marc-Philippe Huget,Annecy-Chambéry,"['security', 'privacy', 'constraints', 'goal modelling', 'meta-model']",POINT (6.086008679698335 45.7806512)
Stefanos Gritzalis,Mytilene,"['security', 'privacy', 'constraints', 'goal modelling', 'meta-model']",POINT (26.554788 39.1037355)
Rahul Rastogi,Port Elizabeth,"['information security service culture', 'ISSC', 'Information security culture', 'culture', 'information security management']",POINT (25.6186512 -33.9618359)
Rossouw von Solms,Port Elizabeth,"['information security service culture', 'ISSC', 'Information security culture', 'culture', 'information security management']",POINT (25.6186512 -33.9618359)
Pedro Martinez-Julia,Murcia,"['Next Generation Internet', 'identity', 'privacy', 'overlay networks']",POINT (-1.1305431 37.9923795)
Antonio F. Gómez-Skarmeta,Murcia,"['Next Generation Internet', 'identity', 'privacy', 'overlay networks']",POINT (-1.1305431 37.9923795)
Thijs Baars,Utrecht,"['SeCA model', 'cloud security', 'cloud computing', 'case study', 'information security']",POINT (5.1215634 52.0907006)
Marco Spruit,Utrecht,"['SeCA model', 'cloud security', 'cloud computing', 'case study', 'information security']",POINT (5.1215634 52.0907006)
Reijo M. Savola,Oulu,"['security metrics', 'risk analysis', 'agile SW development']",POINT (25.4716809 65.0118734)
Christian Frühwirth,Espoo,"['security metrics', 'risk analysis', 'agile SW development']",POINT (24.6568435 60.2047672)
Ari Pietikäinen,Kirkkonummi,"['security metrics', 'risk analysis', 'agile SW development']",POINT (24.4406694 60.1227857)
Ismael Caballero,Ciudad Real,"['Health Management Information System (HMIS or HIS)', 'quality health information', 'security health information', 'software engineering', 'security', 'quality', 'HIS', 'Personal Health Record (PHR)', 'ElectroniccHealth Record (EHR)']",POINT (-3.9285138 38.9854201)
Luis Enrique Sánchez,Ciudad Real,"['Health Management Information System (HMIS or HIS)', 'quality health information', 'security health information', 'software engineering', 'security', 'quality', 'HIS', 'Personal Health Record (PHR)', 'ElectroniccHealth Record (EHR)']",POINT (-3.9285138 38.9854201)
Alberto Freitas,Porto,"['Health Management Information System (HMIS or HIS)', 'quality health information', 'security health information', 'software engineering', 'security', 'quality', 'HIS', 'Personal Health Record (PHR)', 'ElectroniccHealth Record (EHR)']",POINT (-8.6107884 41.1494512)
Eduardo Fernández-Medina,Ciudad Real,"['Health Management Information System (HMIS or HIS)', 'quality health information', 'security health information', 'software engineering', 'security', 'quality', 'HIS', 'Personal Health Record (PHR)', 'ElectroniccHealth Record (EHR)']",POINT (-3.9285138 38.9854201)
Sipho Ngobeni,Pretoria,"['wireless local area network', 'digital forensics', 'digital forensic readiness', 'access point', 'digital forensic process', 'cyber forensic experts', 'hash value', 'digital evidence', 'traffic']",POINT (28.1879101 -25.7459277)
Hein Venter,Pretoria,"['wireless local area network', 'digital forensics', 'digital forensic readiness', 'access point', 'digital forensic process', 'cyber forensic experts', 'hash value', 'digital evidence', 'traffic']",POINT (28.1879101 -25.7459277)
Ivan Burke,Pretoria,"['wireless local area network', 'digital forensics', 'digital forensic readiness', 'access point', 'digital forensic process', 'cyber forensic experts', 'hash value', 'digital evidence', 'traffic']",POINT (28.1879101 -25.7459277)
Lin Ding,Zhengzhou,"['cryptanalysis', 'related-key attack', 'distinguishing attack', 'Py-family of stream ciphers', 'TRCR-32', 'TRCR-64']",POINT (113.6191483 34.7487244)
Jie Guan,Zhengzhou,"['cryptanalysis', 'related-key attack', 'distinguishing attack', 'Py-family of stream ciphers', 'TRCR-32', 'TRCR-64']",POINT (113.6191483 34.7487244)
Wen-long Sun,Zhengzhou,"['cryptanalysis', 'related-key attack', 'distinguishing attack', 'Py-family of stream ciphers', 'TRCR-32', 'TRCR-64']",POINT (113.6191483 34.7487244)
Atulya K. Nagar,Liverpool,[],POINT (-2.99168 53.4071991)
T. Robinson,Chennai,[],POINT (80.270186 13.0836939)
Susan Elias,Chennai,"['membrane computing', 'distributed P systems', 'particle swarm optimisation', 'cross layer optimisation']",POINT (80.270186 13.0836939)
Vanaja Gokul,Chennai,"['membrane computing', 'distributed P systems', 'particle swarm optimisation', 'cross layer optimisation']",POINT (80.270186 13.0836939)
Kamala Krithivasan,Chennai,"['membrane computing', 'distributed P systems', 'particle swarm optimisation', 'cross layer optimisation']",POINT (80.270186 13.0836939)
Marian Gheorghe,Sheffield,"['membrane computing', 'distributed P systems', 'particle swarm optimisation', 'cross layer optimisation']",POINT (-1.4702278 53.3806626)
Gexiang Zhang,Sichuan,"['membrane computing', 'distributed P systems', 'particle swarm optimisation', 'cross layer optimisation']",POINT (102.4999999 30.5000001)
Yunyun Niu,Wuhan,"['membrane computing', 'P system', 'shuffle on trajectories', 'picture language']",POINT (114.2999353 30.5951051)
Jinbang Xu,Wuhan,"['membrane computing', 'P system', 'shuffle on trajectories', 'picture language']",POINT (114.2999353 30.5951051)
K.G. Subramanian,Penang,"['membrane computing', 'P system', 'shuffle on trajectories', 'picture language']",POINT (8.2502533 45.0332014)
Rosni Abdullah,Penang,"['membrane computing', 'P system', 'shuffle on trajectories', 'picture language']",POINT (8.2502533 45.0332014)
A.S. Prasanna Venkatesan,Chennai,"['membrane computing', 'P system', 'array languages', 'shuffle on trajectories']",POINT (80.270186 13.0836939)
D.G. Thomas,India,"['membrane computing', 'P system', 'array languages', 'shuffle on trajectories']",POINT (78.6677428 22.3511148)
T. Robinson,Liverpool,"['membrane computing', 'P system', 'array languages', 'shuffle on trajectories']",POINT (-2.99168 53.4071991)
Gexiang Zhang,Chengdu,"['membrane computing', 'membrane algorithm', 'broadcasting problem', 'particle swarm optimization', 'membrane systems']",POINT (104.0708278 30.7001324)
Fen Zhou,Chengdu,"['membrane computing', 'membrane algorithm', 'broadcasting problem', 'particle swarm optimization', 'membrane systems']",POINT (104.0708278 30.7001324)
Xiaoli Huang,Chengdu,"['membrane computing', 'membrane algorithm', 'broadcasting problem', 'particle swarm optimization', 'membrane systems']",POINT (104.0708278 30.7001324)
Jixiang Cheng,Chengdu,"['membrane computing', 'membrane algorithm', 'broadcasting problem', 'particle swarm optimization', 'membrane systems']",POINT (104.0708278 30.7001324)
Marian Gheorghe,Sheffield,"['membrane computing', 'membrane algorithm', 'broadcasting problem', 'particle swarm optimization', 'membrane systems']",POINT (-1.4702278 53.3806626)
Florentin Ipate,Pitesti,"['membrane computing', 'membrane algorithm', 'broadcasting problem', 'particle swarm optimization', 'membrane systems']",POINT (24.8719422 44.8572343)
Raluca Lefticaru,Pitesti,"['membrane computing', 'membrane algorithm', 'broadcasting problem', 'particle swarm optimization', 'membrane systems']",POINT (24.8719422 44.8572343)
Kusum Deep,Roorkee,"['Particle Swarm optimization', 'economic dispatch', 'Laplace Crossover', 'Quadratic Approximation Particle Swarm optimization']",POINT (77.8902124 29.8693496)
Jagdish Chand Bansal,Gwalior,"['Particle Swarm optimization', 'economic dispatch', 'Laplace Crossover', 'Quadratic Approximation Particle Swarm optimization']",POINT (78.1573628 26.2037247)
Musrrat Ali,Suwon,"['global optimization', 'differential evolution', 'trigonometric mutation', 'quadratic interpolation', 'local search']",POINT (127.0287472 37.2633325)
Millie Pant,Saharanpur,"['global optimization', 'differential evolution', 'trigonometric mutation', 'quadratic interpolation', 'local search']",POINT (77.5427464 29.9637438)
Atulya K. Nagar,Liverpool,"['global optimization', 'differential evolution', 'trigonometric mutation', 'quadratic interpolation', 'local search']",POINT (-2.99168 53.4071991)
Chang Wook Ahn,Suwon,"['global optimization', 'differential evolution', 'trigonometric mutation', 'quadratic interpolation', 'local search']",POINT (127.0287472 37.2633325)
Gurvinder Singh Baicher,Gwent,"['optimization', 'quadrature mirror filter bank', 'genetic algorithms', 'IIR filters', 'multirate filter bank', 'real-time implementation', 'pulse code modulation', 'polyphase decomposition']",POINT (-3.000007 51.6666717)
Basabdatta Sen Bhattacharya,Lincoln,"['Alpha rhythm', 'Event-related-(de)synchronisation', ""Alzheimer's disease"", 'thalamo-cortical model']",POINT (-0.5404819 53.2293545)
Damien Coyle,Ulster,"['Alpha rhythm', 'Event-related-(de)synchronisation', ""Alzheimer's disease"", 'thalamo-cortical model']",POINT (-6.948159941337819 54.574243249999995)
Liam P. Maguire,Ulster,"['Alpha rhythm', 'Event-related-(de)synchronisation', ""Alzheimer's disease"", 'thalamo-cortical model']",POINT (-6.948159941337819 54.574243249999995)
Christian Gütl,Graz,[],POINT (15.4382786 47.0708678)
Antonio L. Bajuelos,Aveiro,"['computational geometry', 'art gallery problems', 'visibility and coverage problems', 'hybrid metaheuristics and approximation algorithms']",POINT (-8.6537841 40.640496)
Santiago Canales,Madrid,"['computational geometry', 'art gallery problems', 'visibility and coverage problems', 'hybrid metaheuristics and approximation algorithms']",POINT (-3.7035825 40.4167047)
Gregorio Hernández,Madrid,"['computational geometry', 'art gallery problems', 'visibility and coverage problems', 'hybrid metaheuristics and approximation algorithms']",POINT (-3.7035825 40.4167047)
Mafalda Martins,Aveiro,"['computational geometry', 'art gallery problems', 'visibility and coverage problems', 'hybrid metaheuristics and approximation algorithms']",POINT (-8.6537841 40.640496)
Alton Y.K. Chua,Singapore,"['m-learning', 'software project management', 'motivation', 'gaming']",POINT (103.8194992 1.357107)
Radhika Shenoy Balkunje,Singapore,"['m-learning', 'software project management', 'motivation', 'gaming']",POINT (103.8194992 1.357107)
Doron Drusinsky,Monterey,"['Hidden Markov Models', 'UML', 'statecharts', 'monitoring', 'patterns', 'hidden data']",POINT (-121.387742 36.2231079)
Wojciech Frączek,Warsaw,"['information hiding', 'network steganography', 'multilevel steganography', 'MLS']",POINT (-78.1325548 42.7401871)
Wojciech Mazurczyk,Warsaw,"['information hiding', 'network steganography', 'multilevel steganography', 'MLS']",POINT (-78.1325548 42.7401871)
Krzysztof Szczypiorski,Warsaw,"['information hiding', 'network steganography', 'multilevel steganography', 'MLS']",POINT (-78.1325548 42.7401871)
Jörg Keller,Hagen,"['parallel merge sort', 'on-chip pipelining', 'multicore computing', 'task mapping', 'streaming computations']",POINT (7.473296 51.3582945)
Christoph W. Kessler,Linköping,"['parallel merge sort', 'on-chip pipelining', 'multicore computing', 'task mapping', 'streaming computations']",POINT (15.6245252 58.4098135)
Rikard Hultén,Linköping,"['parallel merge sort', 'on-chip pipelining', 'multicore computing', 'task mapping', 'streaming computations']",POINT (15.6245252 58.4098135)
Alexander Meduna,Brno,"['formal languages', 'pure grammar systems', 'controlled derivations']",POINT (16.6113382 49.1922443)
Petr Zemek,Brno,"['formal languages', 'pure grammar systems', 'controlled derivations']",POINT (16.6113382 49.1922443)
Efi Papatheocharous,Nicosia,"['software cost estimation', 'artificial neural networks', 'input sensitivity analysis']",POINT (14.397271 37.747452)
Andreas S. Andreou,Lemesos,"['software cost estimation', 'artificial neural networks', 'input sensitivity analysis']",POINT (33.0332657 34.6852901)
Henna Suomi,Espoo,"['multipath communication', 'path diversity', 'net benefit', 'end user']",POINT (24.6568435 60.2047672)
Kalevi Kilkki,Espoo,"['multipath communication', 'path diversity', 'net benefit', 'end user']",POINT (24.6568435 60.2047672)
Heikki Hämmäinen,Espoo,"['multipath communication', 'path diversity', 'net benefit', 'end user']",POINT (24.6568435 60.2047672)
Carlos Delgado Kloos,Madrid,[],POINT (-3.7035825 40.4167047)
Davinia Hernández-Leo,Barcelona,[],POINT (2.1774322 41.3828939)
Juan I. Asensio-Pérez,Valladolid,[],POINT (-4.728562 41.6521328)
Henriikka Vartiainen,Savonlinna,"['pedagogical model', 'learning by collaborative designing', 'learning object', 'project-based learning', 'design-oriented pedagogy']",POINT (28.8797178 61.8689933)
Anu Liljeström,Savonlina,"['pedagogical model', 'learning by collaborative designing', 'learning object', 'project-based learning', 'design-oriented pedagogy']",POINT (28.8797178 61.8689933)
Jorma Enkenberg,Savonlina,"['pedagogical model', 'learning by collaborative designing', 'learning object', 'project-based learning', 'design-oriented pedagogy']",POINT (28.8797178 61.8689933)
Nikolaos Avouris,Patras,"['mobile games', 'mobile learning', 'informal learning', 'location based games', 'game-based learning']",POINT (4.5424004 47.9308179)
Nikoleta Yiannoutsou,Patras,"['mobile games', 'mobile learning', 'informal learning', 'location based games', 'game-based learning']",POINT (4.5424004 47.9308179)
Stefaan Ternier,Heerlen,"['immersive learning games', 'augmented reality', 'augmented virtuality']",POINT (5.981506585454879 50.8775239)
Roland Klemke,Heerlen,"['immersive learning games', 'augmented reality', 'augmented virtuality']",POINT (5.981506585454879 50.8775239)
Marco Kalz,Heerlen,"['immersive learning games', 'augmented reality', 'augmented virtuality']",POINT (5.981506585454879 50.8775239)
Patricia van Ulzen,Heerlen,"['immersive learning games', 'augmented reality', 'augmented virtuality']",POINT (5.981506585454879 50.8775239)
Davinia Hernández-Leo,Barcelona,"['activities across spaces', 'CSCL', 'collaborative learning flows', 'classroom orchestration', 'augmented physical spaces', 'wearable devices']",POINT (2.1774322 41.3828939)
Raul Nieves,Barcelona,"['activities across spaces', 'CSCL', 'collaborative learning flows', 'classroom orchestration', 'augmented physical spaces', 'wearable devices']",POINT (2.1774322 41.3828939)
Ernesto Arroyo,Barcelona,"['activities across spaces', 'CSCL', 'collaborative learning flows', 'classroom orchestration', 'augmented physical spaces', 'wearable devices']",POINT (2.1774322 41.3828939)
Andrea Rosales,Barcelona,"['activities across spaces', 'CSCL', 'collaborative learning flows', 'classroom orchestration', 'augmented physical spaces', 'wearable devices']",POINT (2.1774322 41.3828939)
Javier Melero,Barcelona,"['activities across spaces', 'CSCL', 'collaborative learning flows', 'classroom orchestration', 'augmented physical spaces', 'wearable devices']",POINT (2.1774322 41.3828939)
Josep Blat,Barcelona,"['activities across spaces', 'CSCL', 'collaborative learning flows', 'classroom orchestration', 'augmented physical spaces', 'wearable devices']",POINT (2.1774322 41.3828939)
María Blanca Ibáñez,Madrid,"['hybrid learning environments', 'augmented reality', 'augmented virtuality', 'mirror worlds', '3D virtual worlds', 'architecture for virtual learning environments']",POINT (-3.7035825 40.4167047)
David Maroto,Madrid,"['hybrid learning environments', 'augmented reality', 'augmented virtuality', 'mirror worlds', '3D virtual worlds', 'architecture for virtual learning environments']",POINT (-3.7035825 40.4167047)
José Jesús García Rueda,Madrid,"['hybrid learning environments', 'augmented reality', 'augmented virtuality', 'mirror worlds', '3D virtual worlds', 'architecture for virtual learning environments']",POINT (-3.7035825 40.4167047)
Derick Leony,Madrid,"['hybrid learning environments', 'augmented reality', 'augmented virtuality', 'mirror worlds', '3D virtual worlds', 'architecture for virtual learning environments']",POINT (-3.7035825 40.4167047)
Carlos Delgado Kloos,Madrid,"['hybrid learning environments', 'augmented reality', 'augmented virtuality', 'mirror worlds', '3D virtual worlds', 'architecture for virtual learning environments']",POINT (-3.7035825 40.4167047)
Christian Gütl,Graz,[],POINT (15.4382786 47.0708678)
Daniel Găină,Nomi,"['institution', 'Horn logic', 'proof theory', 'completeness', 'induction', 'constructor']",POINT (11.071881 45.928599)
Kokichi Futatsugi,Nomi,"['institution', 'Horn logic', 'proof theory', 'completeness', 'induction', 'constructor']",POINT (11.071881 45.928599)
Kazuhiro Ogata,Nomi,"['institution', 'Horn logic', 'proof theory', 'completeness', 'induction', 'constructor']",POINT (11.071881 45.928599)
Tarek F. Gharib,Jeddah,"['semantic web', 'ontology', 'corpus', 'word senses', 'word sense disambiguation (WSD)', 'coarse-grained word senses']",POINT (39.1653612 21.5810088)
Nagwa Badr,Cairo,"['semantic web', 'ontology', 'corpus', 'word senses', 'word sense disambiguation (WSD)', 'coarse-grained word senses']",POINT (31.2357257 30.0443879)
Shaimaa Haridy,Cairo,"['semantic web', 'ontology', 'corpus', 'word senses', 'word sense disambiguation (WSD)', 'coarse-grained word senses']",POINT (31.2357257 30.0443879)
Ajith Abraham,ashington,"['semantic web', 'ontology', 'corpus', 'word senses', 'word sense disambiguation (WSD)', 'coarse-grained word senses']",POINT (-1.57027 55.1832364)
David Griffiths,Bolton,"['W3C', 'Widget', 'affordance', 'Personal Learning Environment', 'learning design', 'app store', 'Apache', 'Wookie', 'Rave', 'EDUKapp', 'iTEC', 'Omelette', 'iCamp', 'ROLE']",POINT (-2.4300367 53.5782863)
Mark William Johnson,Bolton,"['W3C', 'Widget', 'affordance', 'Personal Learning Environment', 'learning design', 'app store', 'Apache', 'Wookie', 'Rave', 'EDUKapp', 'iTEC', 'Omelette', 'iCamp', 'ROLE']",POINT (-2.4300367 53.5782863)
Kris Popat,Bolton,"['W3C', 'Widget', 'affordance', 'Personal Learning Environment', 'learning design', 'app store', 'Apache', 'Wookie', 'Rave', 'EDUKapp', 'iTEC', 'Omelette', 'iCamp', 'ROLE']",POINT (-2.4300367 53.5782863)
Paul Sharples,Bolton,"['W3C', 'Widget', 'affordance', 'Personal Learning Environment', 'learning design', 'app store', 'Apache', 'Wookie', 'Rave', 'EDUKapp', 'iTEC', 'Omelette', 'iCamp', 'ROLE']",POINT (-2.4300367 53.5782863)
Scott Wilson,Bolton,"['W3C', 'Widget', 'affordance', 'Personal Learning Environment', 'learning design', 'app store', 'Apache', 'Wookie', 'Rave', 'EDUKapp', 'iTEC', 'Omelette', 'iCamp', 'ROLE']",POINT (-2.4300367 53.5782863)
Rob J.M. Hartog,Wageningen,"['activating digital learning resources', 'learning objects', 'requirements engineering', 'design-oriented research', 'large-scale use']",POINT (5.668298061827958 51.9685817)
Adrie J.M. Beulens,Wageningen,"['activating digital learning resources', 'learning objects', 'requirements engineering', 'design-oriented research', 'large-scale use']",POINT (5.668298061827958 51.9685817)
Johannes Tramper,Wageningen,"['activating digital learning resources', 'learning objects', 'requirements engineering', 'design-oriented research', 'large-scale use']",POINT (5.668298061827958 51.9685817)
Atif Latif,Kiel,[],POINT (10.135555 54.3227085)
Muhammad Tanvir Afzal,Islamabad,[],POINT (73.0651511 33.6938118)
Hermann Maurer,Graz,[],POINT (15.4382786 47.0708678)
María-Teresa Martín-Valdivia,Jaén,"['opinion mining', 'sentiment polarity', 'neutral examples', 'NLP']",POINT (-3.7883289 37.7728858)
Arturo Montejo-Ráez,Jaén,"['opinion mining', 'sentiment polarity', 'neutral examples', 'NLP']",POINT (-3.7883289 37.7728858)
Alfonso Ureña-López,Jaén,"['opinion mining', 'sentiment polarity', 'neutral examples', 'NLP']",POINT (-3.7883289 37.7728858)
Mohammed Rushdi Saleh,Jaén,"['opinion mining', 'sentiment polarity', 'neutral examples', 'NLP']",POINT (-3.7883289 37.7728858)
Javier Melero,Barcelona,"['literature review', 'ICT Engineering Education', 'teaching and learning strategies', 'constructivism', 'scaffolding']",POINT (2.1774322 41.3828939)
Davinia Hernández-Leo,Barcelona,"['literature review', 'ICT Engineering Education', 'teaching and learning strategies', 'constructivism', 'scaffolding']",POINT (2.1774322 41.3828939)
Josep Blat,Barcelona,"['literature review', 'ICT Engineering Education', 'teaching and learning strategies', 'constructivism', 'scaffolding']",POINT (2.1774322 41.3828939)
Hui Ma,Wellington,[],POINT (174.7772114 -41.2887953)
Klaus-Dieter Schewe,Linz,[],POINT (14.286198 48.3059078)
Bernhard Thalheim,Kiel,[],POINT (10.135555 54.3227085)
Qing Wang,Canberra,[],POINT (149.1012676 -35.2975906)
Juan M. Vara,Madrid,"['service evolution', 'model-driven engineering', 'compatibility', 'type theory']",POINT (-3.7035825 40.4167047)
Vasilios Andrikopoulos,Stuttgart,"['service evolution', 'model-driven engineering', 'compatibility', 'type theory']",POINT (9.1800132 48.7784485)
Michael P. Papazoglou,Tilburg,"['service evolution', 'model-driven engineering', 'compatibility', 'type theory']",POINT (5.0886014 51.5562404)
Esperanza Marcos,Madrid,"['service evolution', 'model-driven engineering', 'compatibility', 'type theory']",POINT (-3.7035825 40.4167047)
Jorge Roa,Santa Fe,"['verification', 'choreography', 'Web service', 'business process']",POINT (-105.938456 35.6876096)
Pablo Villarreal,Santa Fe,"['verification', 'choreography', 'Web service', 'business process']",POINT (-105.938456 35.6876096)
Omar Chiotti,Santa Fe,"['verification', 'choreography', 'Web service', 'business process']",POINT (-105.938456 35.6876096)
Jose Ignacio Fernández-Villamor,Madrid,"['mashups', 'services', 'widgets', 'components', 'discovery', 'integration']",POINT (-3.7035825 40.4167047)
Carlos Á. Iglesias,Madrid,"['mashups', 'services', 'widgets', 'components', 'discovery', 'integration']",POINT (-3.7035825 40.4167047)
Mercedes Garijo,Madrid,"['mashups', 'services', 'widgets', 'components', 'discovery', 'integration']",POINT (-3.7035825 40.4167047)
Ji Ma,Hagenberg,"['risk assessment', 'access control', 'RBAC', 'poset', 'security classification']",POINT (14.516935 48.3674201)
Ajantha Dahanayake,Riyadh,"['service systems', 'conceptual modelling', 'IT service systems', 'Web-based services', 'classical rhetorical frame', 'Hermagoras of Temnos', 'conceptual model for services']",POINT (-15.931358244103087 17.9909945)
Bernhard Thalheim,Kiel,"['service systems', 'conceptual modelling', 'IT service systems', 'Web-based services', 'classical rhetorical frame', 'Hermagoras of Temnos', 'conceptual model for services']",POINT (10.135555 54.3227085)
Valeria de Castro,Madrid,"['service-oriented', 'model-driven development', 'Web information systems']",POINT (-3.7035825 40.4167047)
Juan Manuel Vara,Madrid,"['service-oriented', 'model-driven development', 'Web information systems']",POINT (-3.7035825 40.4167047)
Esperanza Marcos,Madrid,"['service-oriented', 'model-driven development', 'Web information systems']",POINT (-3.7035825 40.4167047)
Hongming Cai,Shanghai,"['conceptual model', 'software engineering', 'information systems', 'ontology', 'resource oriented architecture', 'business process', 'service composition']",POINT (121.4700152 31.2312707)
Boyi Xu,Shanghai,"['conceptual model', 'software engineering', 'information systems', 'ontology', 'resource oriented architecture', 'business process', 'service composition']",POINT (121.4700152 31.2312707)
Fenglin Bu,Shanghai,"['conceptual model', 'software engineering', 'information systems', 'ontology', 'resource oriented architecture', 'business process', 'service composition']",POINT (121.4700152 31.2312707)
Carlos Delgado Kloos,Madrid,[],POINT (-3.7035825 40.4167047)
Christian Gütl,Graz,[],POINT (15.4382786 47.0708678)
Frank Kappe,Graz,[],POINT (15.4382786 47.0708678)
David Griol,Leganés,"['Virtual Worlds', 'Second Life', 'OpenSimulator', 'Sloodle', 'E-learning', 'speech interaction']",POINT (-3.76527 40.3281942)
José Manuel Molina,Leganés,"['Virtual Worlds', 'Second Life', 'OpenSimulator', 'Sloodle', 'E-learning', 'speech interaction']",POINT (-3.76527 40.3281942)
Araceli Sanchis de Miguel,Leganés,"['Virtual Worlds', 'Second Life', 'OpenSimulator', 'Sloodle', 'E-learning', 'speech interaction']",POINT (-3.76527 40.3281942)
Zoraida Callejas,Granada,"['Virtual Worlds', 'Second Life', 'OpenSimulator', 'Sloodle', 'E-learning', 'speech interaction']",POINT (-3.5995337 37.1734995)
Nathan Labhart,Zürich,"['global teaching', 'intercultural learning', 'videoconference', '3D collaborative virtual environments']",POINT (8.5410422 47.3744489)
Béatrice S. Hasler,Herzliya,"['global teaching', 'intercultural learning', 'videoconference', '3D collaborative virtual environments']",POINT (34.8469023 32.1656255)
Andy Zbinden,Zürich,"['global teaching', 'intercultural learning', 'videoconference', '3D collaborative virtual environments']",POINT (8.5410422 47.3744489)
Andreas Schmeil,Lugano,"['global teaching', 'intercultural learning', 'videoconference', '3D collaborative virtual environments']",POINT (8.9520281 46.0050102)
María Blanca Ibáñez,Leganés,"['authoring tools', '3D collaborative virtual worlds', 'computer based assessment', 'TAM']",POINT (-3.76527 40.3281942)
José Jesús Garcia Rueda,Leganés,"['authoring tools', '3D collaborative virtual worlds', 'computer based assessment', 'TAM']",POINT (-3.76527 40.3281942)
Diego Morillo,Leganés,"['authoring tools', '3D collaborative virtual worlds', 'computer based assessment', 'TAM']",POINT (-3.76527 40.3281942)
Carlos Delgado Kloos,Leganés,"['authoring tools', '3D collaborative virtual worlds', 'computer based assessment', 'TAM']",POINT (-3.76527 40.3281942)
Pilar Sancho,Madrid,"['computer supported collaborative learning', 'problem based learning', 'learning in multi-user virtual environments']",POINT (-3.7035825 40.4167047)
Javier Torrente,Madrid,"['computer supported collaborative learning', 'problem based learning', 'learning in multi-user virtual environments']",POINT (-3.7035825 40.4167047)
Baltasar Fernández-Manjón,Madrid,"['computer supported collaborative learning', 'problem based learning', 'learning in multi-user virtual environments']",POINT (-3.7035825 40.4167047)
Alok Mishra,Ankara,[],POINT (32.8540497 39.9207759)
Jürgen Münch,Helsinki,[],POINT (24.9427473 60.1674881)
Deepti Mishra,Ankara,[],POINT (32.8540497 39.9207759)
José Luis Hernández,Ciudad Real,"['trust', 'distributed software sevelopment (DSD)', 'global software development (GSD)', 'tools for GSD']",POINT (-3.9285138 38.9854201)
Aurora Vizcaíno,Ciudad Real,"['trust', 'distributed software sevelopment (DSD)', 'global software development (GSD)', 'tools for GSD']",POINT (-3.9285138 38.9854201)
Ismael Caballero,Ciudad Real,"['trust', 'distributed software sevelopment (DSD)', 'global software development (GSD)', 'tools for GSD']",POINT (-3.9285138 38.9854201)
Gabriela Aranda,Neuquen,"['trust', 'distributed software sevelopment (DSD)', 'global software development (GSD)', 'tools for GSD']",POINT (-69.832275 -38.3695057)
George M. Giaglis,Athens,"['FLOSS', 'open source development', 'virtual teams', 'distributed work', 'FreeBSD']",POINT (-83.376398 33.9597677)
Diomidis Spinellis,Athens,"['FLOSS', 'open source development', 'virtual teams', 'distributed work', 'FreeBSD']",POINT (-83.376398 33.9597677)
Ricardo Colomo-Palacios,Leganes,"['global software development', 'product manager', 'release planning', 'focus group', 'Delphi study']",POINT (-3.76527 40.3281942)
Pedro Soto-Acosta,Murcia,"['global software development', 'product manager', 'release planning', 'focus group', 'Delphi study']",POINT (-1.1305431 37.9923795)
Francisco J. García-Peñalvo,Salamanca,"['global software development', 'product manager', 'release planning', 'focus group', 'Delphi study']",POINT (-5.6640182 40.9651572)
Ángel García-Crespo,Leganes,"['global software development', 'product manager', 'release planning', 'focus group', 'Delphi study']",POINT (-3.76527 40.3281942)
Luis Iribarne,University of Almeria,"['MDE', 'component-based development', 'user interfaces', 'user interaction', 'cooperative systems']",POINT (-79.39775966248058 43.663461999999996)
Nicolas Padilla,Almeria,"['MDE', 'component-based development', 'user interfaces', 'user interaction', 'cooperative systems']",POINT (-2.4628135 36.8414197)
Javier Criado,Almeria,"['MDE', 'component-based development', 'user interfaces', 'user interaction', 'cooperative systems']",POINT (-2.4628135 36.8414197)
Cristina Vicente-Chicote,Cartagena,"['MDE', 'component-based development', 'user interfaces', 'user interaction', 'cooperative systems']",POINT (-0.9841152 37.6019353)
Gislaine Camila Lapasini Leal,Maringa,"['global software development', 'software process', 'test']",POINT (-51.9382078 -23.425269)
Ana Paula Chaves,Campo Mourao,"['global software development', 'software process', 'test']",POINT (-52.37802 -24.046329)
Elisa Hatsue Moriya Huzita,Maringa,"['global software development', 'software process', 'test']",POINT (-51.9382078 -23.425269)
Marcio Eduardo Delamaro,Sao Carlos,"['global software development', 'software process', 'test']",POINT (-47.891154 -22.0180395)
Anuradha Mathrani,Auckland,"['distributed knowledge management', 'Tacit', 'Explicit', 'Experience Capture', 'Software Development']",POINT (174.7631803 -36.852095)
David Parsons,Auckland,"['distributed knowledge management', 'Tacit', 'Explicit', 'Experience Capture', 'Software Development']",POINT (174.7631803 -36.852095)
Sanjay Mathrani,Auckland,"['distributed knowledge management', 'Tacit', 'Explicit', 'Experience Capture', 'Software Development']",POINT (174.7631803 -36.852095)
Deepti Mishra,Ankara,"['global software development', 'distributed software development', 'software inspection', 'tool', 'software quality']",POINT (32.8540497 39.9207759)
Alok Mishra,Ankara,"['global software development', 'distributed software development', 'software inspection', 'tool', 'software quality']",POINT (32.8540497 39.9207759)
Christian Gütl,Graz,[],POINT (15.4382786 47.0708678)
Lutz Prechelt,Berlin,"['FNR', 'failures', 'forum', 'negative results']",POINT (13.3888599 52.5170365)
Mushtaq Ahmad,Pretoria,"['MPEG spelling variations', 'mapping', 'phonetic algorithms']",POINT (28.1879101 -25.7459277)
Stefan Gruner,Pretoria,"['MPEG spelling variations', 'mapping', 'phonetic algorithms']",POINT (28.1879101 -25.7459277)
Muhammad Tanvir Afzal,Islamabad,"['MPEG spelling variations', 'mapping', 'phonetic algorithms']",POINT (73.0651511 33.6938118)
Luiz F. Bittencourt,Campinas,"['load balancing', 'Nash equilibrium', 'game theory']",POINT (-47.059564 -22.9056391)
Flávio K. Miyazawa,Campinas,"['load balancing', 'Nash equilibrium', 'game theory']",POINT (-47.059564 -22.9056391)
André L. Vignatti,Campinas,"['load balancing', 'Nash equilibrium', 'game theory']",POINT (-47.059564 -22.9056391)
Dario Della Monica,Reykjavik,"['interval neighborhood logics', 'undecidability', 'hybrid logics', 'interval length binders', 'first-order logic']",POINT (-21.9422367 64.145981)
Valentin Goranko,Copenhagen,"['interval neighborhood logics', 'undecidability', 'hybrid logics', 'interval length binders', 'first-order logic']",POINT (12.5700724 55.6867243)
Angelo Montanari,Udine,"['interval neighborhood logics', 'undecidability', 'hybrid logics', 'interval length binders', 'first-order logic']",POINT (13.2358377 46.0634632)
Guido Sciavicco,Murcia,"['interval neighborhood logics', 'undecidability', 'hybrid logics', 'interval length binders', 'first-order logic']",POINT (-1.1305431 37.9923795)
Daewon Kim,Cheonan,"['mobile', 'augmented reality', 'image', 'object', 'recognition']",POINT (127.1140654 36.8150283)
Doosung Hwang,Cheonan,"['mobile', 'augmented reality', 'image', 'object', 'recognition']",POINT (127.1140654 36.8150283)
Jonas Lundberg,Vaxjo,"['static program analysis', 'points-to analysis', 'context sensitivity']",POINT (14.8094385 56.8787183)
Welf Lowe,Vaxjo,"['static program analysis', 'points-to analysis', 'context sensitivity']",POINT (14.8094385 56.8787183)
Iosif Petrakis,München,"['constructive mathematics', 'countable choice']",POINT (11.5753822 48.1371079)
Vladimir Tarasov,Jönköping,"['competence', 'competence managemen', 'competence profile', 'formalisation', 'ontology-based profile', 'OWL', 'Jena']",POINT (14.165719 57.7825634)
Anton V. Uzunov,Adelaide,"['computer security', 'security engineering', 'secure software engineering', 'distributed systems', 'security methodologies', 'model driven security', 'secure software architectures', 'security patterns', 'model-based development', 'survey']",POINT (138.5999312 -34.9281805)
Eduardo B. Fernandez,Boca Raton,"['computer security', 'security engineering', 'secure software engineering', 'distributed systems', 'security methodologies', 'model driven security', 'secure software architectures', 'security patterns', 'model-based development', 'survey']",POINT (-80.0830984 26.3586885)
Katrina Falkner,Adelaide,"['computer security', 'security engineering', 'secure software engineering', 'distributed systems', 'security methodologies', 'model driven security', 'secure software architectures', 'security patterns', 'model-based development', 'survey']",POINT (138.5999312 -34.9281805)
