Author,City,Institution,Keywords,location,location_address
Francisco J. García-Peñalvo,Salamanca,University of Salamanca,[],POINT (-5.6640182 40.9651572),"Salamanca, Castilla y León, España"
Ricardo Colomo-Palacios,Madrid,Universidad Carlos III de Madrid,[],POINT (-3.7035825 40.4167047),"Madrid, Comunidad de Madrid, España"
Miltiadis D. Lytras,Gerakas,The American College of Greece,[],POINT (23.8560814 38.0120455),"Γέρακας, 15344, Δημοτική Ενότητα Γέρακα, Αποκεντρωμένη Διοίκηση Αττικής, Ελλάς"
Valentina Gatteschi,Torino,Politecnico di Torino,"['taxonomy', 'ontology', 'lifelong learning', 'qualifications', 'semantic engine']",POINT (7.6824892 45.0677551),"Torino, Piemonte, Italia"
Fabrizio Lamberti,Torino,Politecnico di Torino,"['taxonomy', 'ontology', 'lifelong learning', 'qualifications', 'semantic engine']",POINT (7.6824892 45.0677551),"Torino, Piemonte, Italia"
Claudio Demartini,Torino,Politecnico di Torino,"['taxonomy', 'ontology', 'lifelong learning', 'qualifications', 'semantic engine']",POINT (7.6824892 45.0677551),"Torino, Piemonte, Italia"
Rob van Wezel,Ede,KCH International,"['taxonomy', 'ontology', 'lifelong learning', 'qualifications', 'semantic engine']",POINT (-2.671522203148835 54.605648099999996),"Eden, United Kingdom"
Simonetta Bettiol,Venezia,Ufficio Scolastico Regionale per il Veneto,"['taxonomy', 'ontology', 'lifelong learning', 'qualifications', 'semantic engine']",POINT (12.3345898 45.4371908),"Venezia, 30121-30176, Veneto, Italia"
Santi Caballe,Barcelona,Open University of Catalonia,"['collaborative learning', 'collaborative complex learning objects', 'virtualized collaborative sessions', 'on-line discussions']",POINT (2.1774322 41.3828939),"Barcelona, 08001, Catalunya, España"
David Ganan,Barcelona,Open University of Catalonia,"['collaborative learning', 'collaborative complex learning objects', 'virtualized collaborative sessions', 'on-line discussions']",POINT (2.1774322 41.3828939),"Barcelona, 08001, Catalunya, España"
Ian Dunwell,Coventry,Coventry University,"['collaborative learning', 'collaborative complex learning objects', 'virtualized collaborative sessions', 'on-line discussions']",POINT (-1.510477 52.4081812),"Coventry, England, United Kingdom"
Anna Pierri,Baronissi,"Modelli Matematici e Applicazioni (MoMA, SpA)","['collaborative learning', 'collaborative complex learning objects', 'virtualized collaborative sessions', 'on-line discussions']",POINT (14.7699874 40.7469385),"Baronissi, 84081, Campania, Italia"
Thanasis Daradoumis,Mytilene,University of the Aegean,"['collaborative learning', 'collaborative complex learning objects', 'virtualized collaborative sessions', 'on-line discussions']",POINT (26.554788 39.1037355),"Μυτιλήνη, 81100, Δημοτική Ενότητα Μυτιλήνης, Αποκεντρωμένη Διοίκηση Αιγαίου, Ελλάς"
Peter B. Sloep,Heerlen,Open Universiteit Nederland,"['networked learning', 'learning network', 'FP7', 'innovation', 'language technologies', 'idSpace', 'LTfLL', 'Handover']",POINT (5.981506585454879 50.8775239),"Heerlen, Limburg, Nederland"
Adriana J. Berlanga,Heerlen,Open Universiteit Nederland,"['networked learning', 'learning network', 'FP7', 'innovation', 'language technologies', 'idSpace', 'LTfLL', 'Handover']",POINT (5.981506585454879 50.8775239),"Heerlen, Limburg, Nederland"
Wolfgang Greller,Heerlen,Open Universiteit Nederland,"['networked learning', 'learning network', 'FP7', 'innovation', 'language technologies', 'idSpace', 'LTfLL', 'Handover']",POINT (5.981506585454879 50.8775239),"Heerlen, Limburg, Nederland"
Slavi Stoyanov,Heerlen,Open Universiteit Nederland,"['networked learning', 'learning network', 'FP7', 'innovation', 'language technologies', 'idSpace', 'LTfLL', 'Handover']",POINT (5.981506585454879 50.8775239),"Heerlen, Limburg, Nederland"
Marcel van der Klink,Heerlen,Open Universiteit Nederland,"['networked learning', 'learning network', 'FP7', 'innovation', 'language technologies', 'idSpace', 'LTfLL', 'Handover']",POINT (5.981506585454879 50.8775239),"Heerlen, Limburg, Nederland"
Symeon Retalis,Piraeus,University of Piraeus,"['networked learning', 'learning network', 'FP7', 'innovation', 'language technologies', 'idSpace', 'LTfLL', 'Handover']",POINT (23.6470593 37.9431594),"Πειραιάς, 185 35, Αποκεντρωμένη Διοίκηση Αττικής, Ελλάς"
Jan Hensgens,Maastricht,Aurus KTS,"['networked learning', 'learning network', 'FP7', 'innovation', 'language technologies', 'idSpace', 'LTfLL', 'Handover']",POINT (5.6909768 50.8512438),"Maastricht, Limburg, Nederland"
Jesus G. Boticario,Madrid,aDeNu Research Group,"['educational standards', 'adaptive learning', 'user modelling', 'service oriented architecture', 'web accessibility', 'learning objects', 'metadata and learning', 'user-centred design']",POINT (-3.7035825 40.4167047),"Madrid, Comunidad de Madrid, España"
Alejandro Rodriguez-Ascaso,Madrid,aDeNu Research Group,"['educational standards', 'adaptive learning', 'user modelling', 'service oriented architecture', 'web accessibility', 'learning objects', 'metadata and learning', 'user-centred design']",POINT (-3.7035825 40.4167047),"Madrid, Comunidad de Madrid, España"
Olga C. Santos,Madrid,aDeNu Research Group,"['educational standards', 'adaptive learning', 'user modelling', 'service oriented architecture', 'web accessibility', 'learning objects', 'metadata and learning', 'user-centred design']",POINT (-3.7035825 40.4167047),"Madrid, Comunidad de Madrid, España"
Emmanuelle Raffenne,Madrid,Madrid,"['educational standards', 'adaptive learning', 'user modelling', 'service oriented architecture', 'web accessibility', 'learning objects', 'metadata and learning', 'user-centred design']",POINT (-3.7035825 40.4167047),"Madrid, Comunidad de Madrid, España"
Lydia Montandon,Madrid,Atos GIBS (Global Innovation and Business Strategy),"['educational standards', 'adaptive learning', 'user modelling', 'service oriented architecture', 'web accessibility', 'learning objects', 'metadata and learning', 'user-centred design']",POINT (-3.7035825 40.4167047),"Madrid, Comunidad de Madrid, España"
David Roldán,Madrid,Universidad Politécnica de Valencia,"['educational standards', 'adaptive learning', 'user modelling', 'service oriented architecture', 'web accessibility', 'learning objects', 'metadata and learning', 'user-centred design']",POINT (-3.7035825 40.4167047),"Madrid, Comunidad de Madrid, España"
Félix Buendía,Madrid,Universidad Politécnica de Valencia,"['educational standards', 'adaptive learning', 'user modelling', 'service oriented architecture', 'web accessibility', 'learning objects', 'metadata and learning', 'user-centred design']",POINT (-3.7035825 40.4167047),"Madrid, Comunidad de Madrid, España"
Benjamim Fonseca,Vila Real,University of Trás-os-Montes e Alto Douro,"['computers in education', 'technology enhanced learning', 'entrepreneurship', 'entrepreneurship education', 'business education', 'serious games', 'Facebook', 'game based learning', 'EU project']",POINT (-7.7457614 41.2976935),"Vila Real, Portugal"
Leonel Morgado,Vila Real,University of Trás-os-Montes e Alto Douro,"['computers in education', 'technology enhanced learning', 'entrepreneurship', 'entrepreneurship education', 'business education', 'serious games', 'Facebook', 'game based learning', 'EU project']",POINT (-7.7457614 41.2976935),"Vila Real, Portugal"
Hugo Paredes,Vila Real,University of Trás-os-Montes e Alto Douro,"['computers in education', 'technology enhanced learning', 'entrepreneurship', 'entrepreneurship education', 'business education', 'serious games', 'Facebook', 'game based learning', 'EU project']",POINT (-7.7457614 41.2976935),"Vila Real, Portugal"
Paulo Martins,Vila Real,University of Trás-os-Montes e Alto Douro,"['computers in education', 'technology enhanced learning', 'entrepreneurship', 'entrepreneurship education', 'business education', 'serious games', 'Facebook', 'game based learning', 'EU project']",POINT (-7.7457614 41.2976935),"Vila Real, Portugal"
Ramiro Gonçalves,Vila Real,University of Trás-os-Montes e Alto Douro,"['computers in education', 'technology enhanced learning', 'entrepreneurship', 'entrepreneurship education', 'business education', 'serious games', 'Facebook', 'game based learning', 'EU project']",POINT (-7.7457614 41.2976935),"Vila Real, Portugal"
Pedro Neves,Vila Real,University of Trás-os-Montes e Alto Douro,"['computers in education', 'technology enhanced learning', 'entrepreneurship', 'entrepreneurship education', 'business education', 'serious games', 'Facebook', 'game based learning', 'EU project']",POINT (-7.7457614 41.2976935),"Vila Real, Portugal"
Ricardo Rodrigues Nunes,Vila Real,University of Trás-os-Montes e Alto Douro,"['computers in education', 'technology enhanced learning', 'entrepreneurship', 'entrepreneurship education', 'business education', 'serious games', 'Facebook', 'game based learning', 'EU project']",POINT (-7.7457614 41.2976935),"Vila Real, Portugal"
Jorge Lima,Vila Real,University of Trás-os-Montes e Alto Douro,"['computers in education', 'technology enhanced learning', 'entrepreneurship', 'entrepreneurship education', 'business education', 'serious games', 'Facebook', 'game based learning', 'EU project']",POINT (-7.7457614 41.2976935),"Vila Real, Portugal"
João Varajão,Vila Real,University of Trás-os-Montes e Alto Douro,"['computers in education', 'technology enhanced learning', 'entrepreneurship', 'entrepreneurship education', 'business education', 'serious games', 'Facebook', 'game based learning', 'EU project']",POINT (-7.7457614 41.2976935),"Vila Real, Portugal"
Ângela Pereira,Leiria,Instituto Politécnico de Leiria,"['computers in education', 'technology enhanced learning', 'entrepreneurship', 'entrepreneurship education', 'business education', 'serious games', 'Facebook', 'game based learning', 'EU project']",POINT (-8.8071119 39.7437902),"Leiria, Portugal"
Urban Lapajne,Maribor,University of Maribor,"['computers in education', 'technology enhanced learning', 'entrepreneurship', 'entrepreneurship education', 'business education', 'serious games', 'Facebook', 'game based learning', 'EU project']",POINT (15.6455854 46.5576439),"Maribor, Slovenija"
Matej Rus,Maribor,University of Maribor,"['computers in education', 'technology enhanced learning', 'entrepreneurship', 'entrepreneurship education', 'business education', 'serious games', 'Facebook', 'game based learning', 'EU project']",POINT (15.6455854 46.5576439),"Maribor, Slovenija"
Martin Rahe,Barcelona,EADA - Escuela de Alta Dirección y Administración,"['computers in education', 'technology enhanced learning', 'entrepreneurship', 'entrepreneurship education', 'business education', 'serious games', 'Facebook', 'game based learning', 'EU project']",POINT (2.1774322 41.3828939),"Barcelona, 08001, Catalunya, España"
Andre Mostert,London,University of East London,"['computers in education', 'technology enhanced learning', 'entrepreneurship', 'entrepreneurship education', 'business education', 'serious games', 'Facebook', 'game based learning', 'EU project']",POINT (-0.1277653 51.5074456),"London, England, United Kingdom"
Thorsten Klein,London,University of East London,"['computers in education', 'technology enhanced learning', 'entrepreneurship', 'entrepreneurship education', 'business education', 'serious games', 'Facebook', 'game based learning', 'EU project']",POINT (-0.1277653 51.5074456),"London, England, United Kingdom"
Viktorija Bojovic,Novi Sad,University of Novi Sad,"['computers in education', 'technology enhanced learning', 'entrepreneurship', 'entrepreneurship education', 'business education', 'serious games', 'Facebook', 'game based learning', 'EU project']",POINT (19.8451756 45.2551338),"Нови Сад, 21000, Војводина, Србија"
Saša Bošnjak,Novi Sad,University of Novi Sad,"['computers in education', 'technology enhanced learning', 'entrepreneurship', 'entrepreneurship education', 'business education', 'serious games', 'Facebook', 'game based learning', 'EU project']",POINT (19.8451756 45.2551338),"Нови Сад, 21000, Војводина, Србија"
Zita Bošnjak,Novi Sad,University of Novi Sad,"['computers in education', 'technology enhanced learning', 'entrepreneurship', 'entrepreneurship education', 'business education', 'serious games', 'Facebook', 'game based learning', 'EU project']",POINT (19.8451756 45.2551338),"Нови Сад, 21000, Војводина, Србија"
João Carvalho,Covilhã,CIEBI - Centro de Inovação Empresarial da Beira Interior,"['computers in education', 'technology enhanced learning', 'entrepreneurship', 'entrepreneurship education', 'business education', 'serious games', 'Facebook', 'game based learning', 'EU project']",POINT (-7.5043211 40.2805658),"Covilhã, Portugal"
Isabel Duarte,Covilhã,CIEBI - Centro de Inovação Empresarial da Beira Interior,"['computers in education', 'technology enhanced learning', 'entrepreneurship', 'entrepreneurship education', 'business education', 'serious games', 'Facebook', 'game based learning', 'EU project']",POINT (-7.5043211 40.2805658),"Covilhã, Portugal"
Andreana Casaramona,Messina,Innova BIC - Business Innovation Centre,"['computers in education', 'technology enhanced learning', 'entrepreneurship', 'entrepreneurship education', 'business education', 'serious games', 'Facebook', 'game based learning', 'EU project']",POINT (15.5542082 38.1937571),"Messina, 98121;98122;98123;98124;98125;98126;98127;98128;98129;98131;98132;98133;98134;98135;98136;98137;98138;98139;98141;98142;98143;98144;98145;98146;98147;98148;98149;98151;98152;98153;98154;98155;98156;98157;98158;98161;98162;98163;98164;98165;981669816798168, Sicilia, Italia"
Alberto Soraci,Messina,Innova BIC - Business Innovation Centre,"['computers in education', 'technology enhanced learning', 'entrepreneurship', 'entrepreneurship education', 'business education', 'serious games', 'Facebook', 'game based learning', 'EU project']",POINT (15.5542082 38.1937571),"Messina, 98121;98122;98123;98124;98125;98126;98127;98128;98129;98131;98132;98133;98134;98135;98136;98137;98138;98139;98141;98142;98143;98144;98145;98146;98147;98148;98149;98151;98152;98153;98154;98155;98156;98157;98158;98161;98162;98163;98164;98165;981669816798168, Sicilia, Italia"
Marc Alier,Barcelona,Universitat Politècnica de Catalunya - Barcelona Tech,"['E-Learning', 'interoperability', 'open standards', 'open source', 'free software', 'LMS', 'Sakai', 'Moodle', 'IMS LTI', 'OKI', 'SOA', 'software as a service']",POINT (2.1774322 41.3828939),"Barcelona, 08001, Catalunya, España"
Enric Mayol,Barcelona,Universitat Politècnica de Catalunya - Barcelona Tech,"['E-Learning', 'interoperability', 'open standards', 'open source', 'free software', 'LMS', 'Sakai', 'Moodle', 'IMS LTI', 'OKI', 'SOA', 'software as a service']",POINT (2.1774322 41.3828939),"Barcelona, 08001, Catalunya, España"
Maria Jose Casañ,Barcelona,Universitat Politècnica de Catalunya - Barcelona Tech,"['E-Learning', 'interoperability', 'open standards', 'open source', 'free software', 'LMS', 'Sakai', 'Moodle', 'IMS LTI', 'OKI', 'SOA', 'software as a service']",POINT (2.1774322 41.3828939),"Barcelona, 08001, Catalunya, España"
Jordi Piguillem,Barcelona,Universitat Politècnica de Catalunya - Barcelona Tech,"['E-Learning', 'interoperability', 'open standards', 'open source', 'free software', 'LMS', 'Sakai', 'Moodle', 'IMS LTI', 'OKI', 'SOA', 'software as a service']",POINT (2.1774322 41.3828939),"Barcelona, 08001, Catalunya, España"
Jeffrey W. Merriman,Cambridge,Massachusetts Institute of Technology,"['E-Learning', 'interoperability', 'open standards', 'open source', 'free software', 'LMS', 'Sakai', 'Moodle', 'IMS LTI', 'OKI', 'SOA', 'software as a service']",POINT (0.1186637 52.2055314),"Cambridge, England, United Kingdom"
Miguel Ángel Conde,Salamanca,University of Salamanca,"['E-Learning', 'interoperability', 'open standards', 'open source', 'free software', 'LMS', 'Sakai', 'Moodle', 'IMS LTI', 'OKI', 'SOA', 'software as a service']",POINT (-5.6640182 40.9651572),"Salamanca, Castilla y León, España"
Francisco J. García-Peñalvo,Salamanca,University of Salamanca,"['E-Learning', 'interoperability', 'open standards', 'open source', 'free software', 'LMS', 'Sakai', 'Moodle', 'IMS LTI', 'OKI', 'SOA', 'software as a service']",POINT (-5.6640182 40.9651572),"Salamanca, Castilla y León, España"
Wouter Tebben,Amsterdam,Free Knowledge Institute,"['E-Learning', 'interoperability', 'open standards', 'open source', 'free software', 'LMS', 'Sakai', 'Moodle', 'IMS LTI', 'OKI', 'SOA', 'software as a service']",POINT (4.8924534 52.3730796),"Amsterdam, Noord-Holland, Nederland"
Edmundo Tovar,Madrid,Universidad Politecnica de Madrid,"['OCW', 'OpenCourseWare', 'OER', 'open educational resources', 'semantic web', 'linked data', 'social networks analysis', 'SNA']",POINT (-3.7035825 40.4167047),"Madrid, Comunidad de Madrid, España"
Oscar Martinez-Bonastre,Elche,Miguel Hernandez University,"['OCW', 'OpenCourseWare', 'OER', 'open educational resources', 'semantic web', 'linked data', 'social networks analysis', 'SNA']",POINT (-0.6988391 38.2653307),"Elx / Elche, Comunitat Valenciana, España"
Christian Gütl,Graz,Graz University of Technology,[],POINT (15.4382786 47.0708678),"Graz, Steiermark, Österreich"
David Lizcano,Madrid,Universidad Politécnica de Madrid,"['end-user development', 'end-user software engineering', 'domain experts', 'domain-specific software development', 'ecologies of participation']",POINT (-3.7035825 40.4167047),"Madrid, Comunidad de Madrid, España"
Fernando Alonso,Madrid,Universidad Politécnica de Madrid,"['end-user development', 'end-user software engineering', 'domain experts', 'domain-specific software development', 'ecologies of participation']",POINT (-3.7035825 40.4167047),"Madrid, Comunidad de Madrid, España"
Javier Soriano,Madrid,Universidad Politécnica de Madrid,"['end-user development', 'end-user software engineering', 'domain experts', 'domain-specific software development', 'ecologies of participation']",POINT (-3.7035825 40.4167047),"Madrid, Comunidad de Madrid, España"
Genoveva López,Madrid,Universidad Politécnica de Madrid,"['end-user development', 'end-user software engineering', 'domain experts', 'domain-specific software development', 'ecologies of participation']",POINT (-3.7035825 40.4167047),"Madrid, Comunidad de Madrid, España"
Kamran Ahsan,Stafford,Staffordshire University,"['temporal and fuzzy ontological framework', 'knowledge management systems', 'healthcare systems', 'patient information system', 'temporal and fuzzy database system']",POINT (-2.1163818 52.8063157),"Stafford, England, United Kingdom"
Jorge Martinez-Gil,Málaga,University of Málaga,"['ontology matching', 'knowledge integration', 'software tools']",POINT (-4.4216366 36.7213028),"Málaga, Andalucía, España"
Ismael Navas-Delgado,Málaga,University of Málaga,"['ontology matching', 'knowledge integration', 'software tools']",POINT (-4.4216366 36.7213028),"Málaga, Andalucía, España"
Jose F. Aldana-Montes,Málaga,University of Málaga,"['ontology matching', 'knowledge integration', 'software tools']",POINT (-4.4216366 36.7213028),"Málaga, Andalucía, España"
Goran Martinovic,Osijek,Josip Juraj Strossmayer University of Osijek,"['benchmark', 'operating system', 'performance evaluation', 'performance measurement', 'Windows 7', 'Windows Vista', 'Windows XP']",POINT (18.6953685 45.5548793),"Osijek, Hrvatska"
Josip Balen,Osijek,Josip Juraj Strossmayer University of Osijek,"['benchmark', 'operating system', 'performance evaluation', 'performance measurement', 'Windows 7', 'Windows Vista', 'Windows XP']",POINT (18.6953685 45.5548793),"Osijek, Hrvatska"
Joaquin Olivares,Cordoba,University of Cordoba,"['video', 'high-speed arithmetics', 'parallel architectures', 'special-purpose and application-based systems']",POINT (-4.7760138 37.8845813),"Córdoba, Andalucía, España"
Guillermo Vega-Gorgojo,Valladolid,University of Valladolid,"['C.2.4', 'H.3.3', 'K.3.1']",POINT (-4.728562 41.6521328),"Valladolid, Castilla y León, España"
Eduardo Gómez-Sánchez,Valladolid,University of Valladolid,"['C.2.4', 'H.3.3', 'K.3.1']",POINT (-4.728562 41.6521328),"Valladolid, Castilla y León, España"
Miguel L. Bote-Lorenzo,Valladolid,University of Valladolid,"['C.2.4', 'H.3.3', 'K.3.1']",POINT (-4.728562 41.6521328),"Valladolid, Castilla y León, España"
Lorenzo Cantoni,Lugano,Università della Svizzera italiana,[],POINT (8.9520281 46.0050102),"Lugano, Ticino, Schweiz/Suisse/Svizzera/Svizra"
Isabella Rega,Lugano,Università della Svizzera italiana,[],POINT (8.9520281 46.0050102),"Lugano, Ticino, Schweiz/Suisse/Svizzera/Svizra"
Stefan Minder,Bern,University of Bern,"['text-to-speech', 'TTS', 'e-learning', 'modality effect', 'split attention']",POINT (7.4521749 46.9484742),"Bern, Bern/Berne, Schweiz/Suisse/Svizzera/Svizra"
Michele Notari,Bern,University of Bern,"['text-to-speech', 'TTS', 'e-learning', 'modality effect', 'split attention']",POINT (7.4521749 46.9484742),"Bern, Bern/Berne, Schweiz/Suisse/Svizzera/Svizra"
Felix Schmitz,Bern,University of Bern,"['text-to-speech', 'TTS', 'e-learning', 'modality effect', 'split attention']",POINT (7.4521749 46.9484742),"Bern, Bern/Berne, Schweiz/Suisse/Svizzera/Svizra"
Rainer Hofer,Bern,University of Bern,"['text-to-speech', 'TTS', 'e-learning', 'modality effect', 'split attention']",POINT (7.4521749 46.9484742),"Bern, Bern/Berne, Schweiz/Suisse/Svizzera/Svizra"
Ulrich Woermann,Bern,University of Bern,"['text-to-speech', 'TTS', 'e-learning', 'modality effect', 'split attention']",POINT (7.4521749 46.9484742),"Bern, Bern/Berne, Schweiz/Suisse/Svizzera/Svizra"
Luca Botturi,Locarno,University of Applied Sciences of Southern Switzerland,"['gender', 'digital divide', 'college', 'Switzerland']",POINT (8.7954217 46.1695112),"Locarno, Ticino, Schweiz/Suisse/Svizzera/Svizra"
Chiara Bramani,Lugano,University of Lugano,"['gender', 'digital divide', 'college', 'Switzerland']",POINT (8.9520281 46.0050102),"Lugano, Ticino, Schweiz/Suisse/Svizzera/Svizra"
Sean McCusker,Durham,Durham University,"['gender', 'digital divide', 'college', 'Switzerland']",POINT (-1.5756205 54.7770139),"Durham, DH1 3NG, England, United Kingdom"
Paolo Ferri,Milan,University of Milan,"['social networks', 'Web 2.0', 'digital natives', 'personal learning environments']",POINT (9.1896346 45.4641943),"Milano, Lombardia, Italia"
Jue Wang,Genève,University of Geneva,"['foreign language teaching and learning', 'tandem language learning', 'telecollaboration', 'intercultural competence', 'peer-to-peer correction', 'tutoring', 'design-based research']",POINT (6.1466014 46.2017559),"Genève, 1204, Genève, Genève, Schweiz/Suisse/Svizzera/Svizra"
Claudia Berger,Genève,University of Geneva,"['foreign language teaching and learning', 'tandem language learning', 'telecollaboration', 'intercultural competence', 'peer-to-peer correction', 'tutoring', 'design-based research']",POINT (6.1466014 46.2017559),"Genève, 1204, Genève, Genève, Schweiz/Suisse/Svizzera/Svizra"
Nicolas Szilas,Genève,University of Geneva,"['foreign language teaching and learning', 'tandem language learning', 'telecollaboration', 'intercultural competence', 'peer-to-peer correction', 'tutoring', 'design-based research']",POINT (6.1466014 46.2017559),"Genève, 1204, Genève, Genève, Schweiz/Suisse/Svizzera/Svizra"
Isabella Rega,Lugano,Università della Svizzera italiana,"['ICT', 'teacher training', 'self-efficacy', 'quantitative methods', 'qualitative methods', 'disadvantaged contexts', 'ICT4E']",POINT (8.9520281 46.0050102),"Lugano, Ticino, Schweiz/Suisse/Svizzera/Svizra"
Francesca Fanni,Lugano,Università della Svizzera italiana,"['ICT', 'teacher training', 'self-efficacy', 'quantitative methods', 'qualitative methods', 'disadvantaged contexts', 'ICT4E']",POINT (8.9520281 46.0050102),"Lugano, Ticino, Schweiz/Suisse/Svizzera/Svizra"
Izak van Zyl,Lugano,Università della svizzera italiana,"['home-based healthcare', 'informal learning', 'digital technologies', 'socio-cultural dynamics']",POINT (8.9520281 46.0050102),"Lugano, Ticino, Schweiz/Suisse/Svizzera/Svizra"
Przemysław Kazienko,Wrocław,Wrocław University of Technology,[],POINT (17.0326689 51.1089776),"Wrocław, województwo dolnośląskie, Polska"
Qinna Wang,Lyon,Université de Lyon,"['fuzzy community detection', 'overlapping community detection', 'community detection', 'modularity', 'large-scale networks']",POINT (4.8320114 45.7578137),"Lyon, Auvergne-Rhône-Alpes, France"
Eric Fleury,Lyon,Université de Lyon,"['fuzzy community detection', 'overlapping community detection', 'community detection', 'modularity', 'large-scale networks']",POINT (4.8320114 45.7578137),"Lyon, Auvergne-Rhône-Alpes, France"
Onur C. Sert,Ankara,TOBB Economics and Technology University,"['multi-objective clustering', 'NSGA-II', 'h-confidence']",POINT (32.8540497 39.9207759),"Ankara, 06420, Çankaya, Ankara, Türkiye"
Kayhan Dursun,Ankara,TOBB Economics and Technology University,"['multi-objective clustering', 'NSGA-II', 'h-confidence']",POINT (32.8540497 39.9207759),"Ankara, 06420, Çankaya, Ankara, Türkiye"
Tansel Özyer,Ankara,TOBB Economics and Technology University,"['multi-objective clustering', 'NSGA-II', 'h-confidence']",POINT (32.8540497 39.9207759),"Ankara, 06420, Çankaya, Ankara, Türkiye"
Anna Zygmunt,Kraków,AGH University of Science and Technology,"['social network', 'social network analysis', 'SNA', 'social community extraction', 'social group', 'persistent group', 'stable social group', 'key person', 'role identification', 'blogosphere', 'CPM', 'fast modularity optimization', 'node position']",POINT (19.9368564 50.0619474),"Kraków, województwo małopolskie, Polska"
Piotr Bródka,Wrocław,Wrocław University of Technology,"['social network', 'social network analysis', 'SNA', 'social community extraction', 'social group', 'persistent group', 'stable social group', 'key person', 'role identification', 'blogosphere', 'CPM', 'fast modularity optimization', 'node position']",POINT (17.0326689 51.1089776),"Wrocław, województwo dolnośląskie, Polska"
Przemysław Kazienko,Wrocław,Wrocław University of Technology,"['social network', 'social network analysis', 'SNA', 'social community extraction', 'social group', 'persistent group', 'stable social group', 'key person', 'role identification', 'blogosphere', 'CPM', 'fast modularity optimization', 'node position']",POINT (17.0326689 51.1089776),"Wrocław, województwo dolnośląskie, Polska"
Jarosław Koźlak,Kraków,AGH University of Science and Technology,"['social network', 'social network analysis', 'SNA', 'social community extraction', 'social group', 'persistent group', 'stable social group', 'key person', 'role identification', 'blogosphere', 'CPM', 'fast modularity optimization', 'node position']",POINT (19.9368564 50.0619474),"Kraków, województwo małopolskie, Polska"
Christian Gütl,Graz,Graz University of Technology,[],POINT (15.4382786 47.0708678),"Graz, Steiermark, Österreich"
Grzegorz Chmaj,Wrocław,Wrocław University of Technology,"['computing systems', 'P2P', 'unicast', 'anycast', 'networks', 'simulation']",POINT (17.0326689 51.1089776),"Wrocław, województwo dolnośląskie, Polska"
Krzysztof Walkowiak,Wrocław,Wrocław University of Technology,"['computing systems', 'P2P', 'unicast', 'anycast', 'networks', 'simulation']",POINT (17.0326689 51.1089776),"Wrocław, województwo dolnośląskie, Polska"
Ismael Hasan,Coruña,University of a Coruña,"['PDF', 'text preprocessing', 'text extraction', 'ordered text extraction', 'text mining', 'evaluation']",POINT (-8.3959425 43.3709703),"A Coruña, Galicia, España"
Javier Parapar,Coruña,University of a Coruña,"['PDF', 'text preprocessing', 'text extraction', 'ordered text extraction', 'text mining', 'evaluation']",POINT (-8.3959425 43.3709703),"A Coruña, Galicia, España"
Álvaro Barreiro,Coruña,University of a Coruña,"['PDF', 'text preprocessing', 'text extraction', 'ordered text extraction', 'text mining', 'evaluation']",POINT (-8.3959425 43.3709703),"A Coruña, Galicia, España"
Ahmed Nait-Sidi-Moh,Saint Quentin,Université de Picardie Jules Verne,"['web service access control', 'electronic exchanges', 'modeling', 'evaluation and simulation', 'dimensioning and improvement', 'Petri nets and (max', ' +)-algebra']",POINT (3.2876843 49.8465253),"Saint-Quentin, 02100, Hauts-de-France, France"
Mohamed Bakhouya,Helsinki,Aalto University,"['web service access control', 'electronic exchanges', 'modeling', 'evaluation and simulation', 'dimensioning and improvement', 'Petri nets and (max', ' +)-algebra']",POINT (24.9427473 60.1674881),"Helsinki, Manner-Suomi, Suomi"
Wafaa Ait-Cheik-Bihi,Strasbourg,Université de Strasbourg,"['web service access control', 'electronic exchanges', 'modeling', 'evaluation and simulation', 'dimensioning and improvement', 'Petri nets and (max', ' +)-algebra']",POINT (7.7507127 48.584614),"Strasbourg, 67000;67100;67200, Grand Est, France"
Jaafar Gaber,Belfort,Université de Technologie de Belfort Montbéliard,"['web service access control', 'electronic exchanges', 'modeling', 'evaluation and simulation', 'dimensioning and improvement', 'Petri nets and (max', ' +)-algebra']",POINT (6.8628942 47.6379599),"Belfort, 90000, Bourgogne-Franche-Comté, France"
Pierre Vincent,Lille,MobKit,"['mobile computing', 'mobile information systems', 'software', 'mobile devices', 'multimedia']",POINT (3.0635282 50.6365654),"Lille, 59000;59160;59260;59777;59800, Hauts-de-France, France"
David G. Rosado,Ciudad Real,University of Castilla-La Mancha,[],POINT (-3.9285138 38.9854201),"Ciudad Real, Castilla-La Mancha, España"
Luis Enrique Sánchez,Ciudad Real,Sicaman-NT,[],POINT (-3.9285138 38.9854201),"Ciudad Real, Castilla-La Mancha, España"
Eduardo Fernández-Medina,Dortmund,niversity of Castilla-La Mancha,[],POINT (7.4652789 51.5142273),"Dortmund, Nordrhein-Westfalen, Deutschland"
Hannes Holm,Stockholm,Royal Institute of Technology,"['cyber security', 'remote code execution', 'software vulnerabilities']",POINT (18.0710935 59.3251172),"Stockholm, Sverige"
Teodor Sommestad,Stockholm,Royal Institute of Technology,"['cyber security', 'remote code execution', 'software vulnerabilities']",POINT (18.0710935 59.3251172),"Stockholm, Sverige"
Ulrik Franke,Stockholm,Royal Institute of Technology,"['cyber security', 'remote code execution', 'software vulnerabilities']",POINT (18.0710935 59.3251172),"Stockholm, Sverige"
Mathias Ekstedt,Stockholm,Royal Institute of Technology,"['cyber security', 'remote code execution', 'software vulnerabilities']",POINT (18.0710935 59.3251172),"Stockholm, Sverige"
Oscar Rebollo,Madrid,Ministry of Labour and Immigration,"['information security governance', 'cloud computing', 'systematic literature review']",POINT (-3.7035825 40.4167047),"Madrid, Comunidad de Madrid, España"
Daniel Mellado,Ciudad Real,University of Castilla-La Mancha,"['information security governance', 'cloud computing', 'systematic literature review']",POINT (-3.9285138 38.9854201),"Ciudad Real, Castilla-La Mancha, España"
Eduardo Fernández-Medina,Ciudad Real,University of Castilla-La Mancha,"['information security governance', 'cloud computing', 'systematic literature review']",POINT (-3.9285138 38.9854201),"Ciudad Real, Castilla-La Mancha, España"
Raimundas Matulevičius,Tartu,University of Tartu,"['risk management', 'information system', 'security', 'secure tropos', 'syntax and semantics of modelling language']",POINT (26.72245 58.3801207),"Tartu, Eesti"
Haralambos Mouratidis,London,University of East London,"['risk management', 'information system', 'security', 'secure tropos', 'syntax and semantics of modelling language']",POINT (-0.1277653 51.5074456),"London, England, United Kingdom"
Nicolas Mayer,Luxembourg,CRP Henri Tudor,"['risk management', 'information system', 'security', 'secure tropos', 'syntax and semantics of modelling language']",POINT (6.129799 49.6112768),"Luxembourg, Lëtzebuerg"
Eric Dubois,Luxembourg,CRP Henri Tudor,"['risk management', 'information system', 'security', 'secure tropos', 'syntax and semantics of modelling language']",POINT (6.129799 49.6112768),"Luxembourg, Lëtzebuerg"
Patrick Heymans,Namur,University of Namur,"['risk management', 'information system', 'security', 'secure tropos', 'syntax and semantics of modelling language']",POINT (4.8661892 50.4665284),"Namur, 5000;5001;5002;5003;5004;5020;5021;5022;5024;5100;5101, Namur, België / Belgique / Belgien"
Jezabel Molina-Gil,Tenerife,University of La Laguna,"['VANETs', 'cooperation', 'self-management', 'security', 'misbehaviour', 'ITS']",POINT (-16.621447121144122 28.2935785),"Tenerife, España"
Pino Caballero-Gil,Tenerife,University of La Laguna,"['VANETs', 'cooperation', 'self-management', 'security', 'misbehaviour', 'ITS']",POINT (-16.621447121144122 28.2935785),"Tenerife, España"
Cándido Caballero-Gil,Tenerife,University of La Laguna,"['VANETs', 'cooperation', 'self-management', 'security', 'misbehaviour', 'ITS']",POINT (-16.621447121144122 28.2935785),"Tenerife, España"
Abdelmadjid Bouabdallah,Compiègne,University of Technology of Compiègne,"['confidentiality', 'key management', 'group communication', 'mobility']",POINT (2.8263171 49.4179497),"Compiègne, 60200, Hauts-de-France, France"
Yacine Challal,Compiègne,University of Technology of Compiègne,"['confidentiality', 'key management', 'group communication', 'mobility']",POINT (2.8263171 49.4179497),"Compiègne, 60200, Hauts-de-France, France"
Maurizio Palesi,Enna,Kore University,"['networks-on-chip', 'topological mapping', 'multi-objective optimization', 'routing algorithm', 'genetic algorithm', 'fault-tolerance', 'performance analysis']",POINT (14.2807473 37.5667573),"Enna, 94100, Sicilia, Italia"
Rafael Tornero,Valencia,Universidad de Valencia,"['networks-on-chip', 'topological mapping', 'multi-objective optimization', 'routing algorithm', 'genetic algorithm', 'fault-tolerance', 'performance analysis']",POINT (-0.3763353 39.4697065),"València, Comunitat Valenciana, España"
Juan Manuel Orduñna,Valencia,Universidad de Valencia,"['networks-on-chip', 'topological mapping', 'multi-objective optimization', 'routing algorithm', 'genetic algorithm', 'fault-tolerance', 'performance analysis']",POINT (-0.3763353 39.4697065),"València, Comunitat Valenciana, España"
Vincenzo Catania,Catania,University of Catania,"['networks-on-chip', 'topological mapping', 'multi-objective optimization', 'routing algorithm', 'genetic algorithm', 'fault-tolerance', 'performance analysis']",POINT (15.0873718 37.5023612),"Catania, 95121;95122;95123;95124;95125;95126;95127;95128;95129;95131, Sicilia, Italia"
Daniela Panno,Catania,University of Catania,"['networks-on-chip', 'topological mapping', 'multi-objective optimization', 'routing algorithm', 'genetic algorithm', 'fault-tolerance', 'performance analysis']",POINT (15.0873718 37.5023612),"Catania, 95121;95122;95123;95124;95125;95126;95127;95128;95129;95131, Sicilia, Italia"
Przemysław Kazienko,Wrocław,Wrocław University of Technology,[],POINT (17.0326689 51.1089776),"Wrocław, województwo dolnośląskie, Polska"
Feiyu Lin,Jönköping,Jönköping University,[],POINT (14.165719 57.7825634),"Jönköping, 551 86, Sverige"
Kurt Sandkuhl,Rostock,Rostock University,"['Internet of Things', 'context-aware computing', 'ontology matching']",POINT (12.1400211 54.0886707),"Rostock, Mecklenburg-Vorpommern, Deutschland"
Bratislav Predic,Nis,University of Nis,"['traffic information systems', 'extended floating car data', 'accelerometer data', 'vehicle tracking']",POINT (21.8959232 43.3211301),"Ниш, 18101, Централна Србија, Србија"
Dragan Stojanovic,Nis,University of Nis,"['traffic information systems', 'extended floating car data', 'accelerometer data', 'vehicle tracking']",POINT (21.8959232 43.3211301),"Ниш, 18101, Централна Србија, Србија"
Xiaoping Che,Paris,Evry University,"['Internet of Things', 'mobile computing', 'security', 'elliptic curve cryptography']",POINT (2.3200410217200766 48.8588897),"Paris, 75000;75001;75002;75003;75004;75005;75006;75007;75008;75009;75010;75011;75012;75013;75014;75015;75016;75017;75018;75019;75020;75116, Paris, Île-de-France, France"
Christian Gütl,Graz,Graz University of Technology,[],POINT (15.4382786 47.0708678),"Graz, Steiermark, Österreich"
Robert Bucki,Bielsko-Biała,The College of Informatics and Management in Bielsko-Biała,[],POINT (19.0448936 49.822118),"Bielsko-Biała, województwo śląskie, Polska"
Petr Suchanek,Opava,Silesian University in Opava,[],POINT (17.9024174 49.9389004),"Opava, Moravskoslezsko, Česko"
Rafael Duque,Santander,University of Cantabria,"['computer-supported learning environments', 'analysis of problem-solving activities', 'model-driven development', 'visual languages']",POINT (-3.8099719 43.4620412),"Santander, Cantabria, España"
Lars Bollen,Enschede,University of Twente,"['computer-supported learning environments', 'analysis of problem-solving activities', 'model-driven development', 'visual languages']",POINT (6.870595664097989 52.22336325),"Enschede, Nederland"
Anjo Anjewierden,Enschede,University of Twente,"['computer-supported learning environments', 'analysis of problem-solving activities', 'model-driven development', 'visual languages']",POINT (6.870595664097989 52.22336325),"Enschede, Nederland"
Crescencio Bravo,Ciudad Real,University of Castilla-La Mancha,"['computer-supported learning environments', 'analysis of problem-solving activities', 'model-driven development', 'visual languages']",POINT (-3.9285138 38.9854201),"Ciudad Real, Castilla-La Mancha, España"
Jens Hellmers,Bremen,University of Bremen,"['usability engineering', 'user experience questionnaire UEQ', 'Kano model']",POINT (8.8071646 53.0758196),"Bremen, Freie Hansestadt Bremen, Deutschland"
Jörg Thomaschewski,Emden,University of Applied Sciences Emden/Leer,"['usability engineering', 'user experience questionnaire UEQ', 'Kano model']",POINT (7.2058304 53.3670541),"Emden, Niedersachsen, Deutschland"
Eva-Maria Holt,Ratingen,(SEVEN PRINCIPLES,"['usability engineering', 'user experience questionnaire UEQ', 'Kano model']",POINT (6.8493503 51.2973261),"Ratingen, Nordrhein-Westfalen, Deutschland"
Thomas Wriedt,Bremen,University of Bremen,"['usability engineering', 'user experience questionnaire UEQ', 'Kano model']",POINT (8.8071646 53.0758196),"Bremen, Freie Hansestadt Bremen, Deutschland"
Anton Kos,Ljubljana,University of Ljubljana,"['online product presentation', 'e-commerce', 'multimedia presentation']",POINT (14.5069289 46.0500268),"Ljubljana, Slovenija"
Saso Tomazic,Ljubljana,University of Ljubljana,"['online product presentation', 'e-commerce', 'multimedia presentation']",POINT (14.5069289 46.0500268),"Ljubljana, Slovenija"
Ester Martínez-Martín,Castellón,Jaume-I University,"['qualitative models', 'comonsense reasoning', 'spatial reasoning']",POINT (-0.0615052108330179 40.25185675),"Castelló / Castellón, Comunitat Valenciana, España"
M. Teresa Escrig,Castellón,Jaume-I University,"['qualitative models', 'comonsense reasoning', 'spatial reasoning']",POINT (-0.0615052108330179 40.25185675),"Castelló / Castellón, Comunitat Valenciana, España"
Angel P. del Pobil,Castellón,Jaume-I University,"['qualitative models', 'comonsense reasoning', 'spatial reasoning']",POINT (-0.0615052108330179 40.25185675),"Castelló / Castellón, Comunitat Valenciana, España"
Francisco J. García-Peñalvo,Salamanca,University of Salamanca,[],POINT (-5.6640182 40.9651572),"Salamanca, Castilla y León, España"
Marc Alier Forment,Barcelona,UPC Universitat Politècnica de Catalunya Barcelona-Tech,[],POINT (2.1774322 41.3828939),"Barcelona, 08001, Catalunya, España"
Miltiadis D. Lytras,Gerakas,The American College of Greece,[],POINT (23.8560814 38.0120455),"Γέρακας, 15344, Δημοτική Ενότητα Γέρακα, Αποκεντρωμένη Διοίκηση Αττικής, Ελλάς"
Jordán Pascual Espada,Oviedo,University of Oviedo,"['Web applications', 'Web services', 'Web browser', 'Mobile devices', 'smartphone']",POINT (-5.8483581 43.3618625),"Oviedo / Uviéu, Principado de Asturias, España"
Oscar Sanjuán Martínez,Madrid,University Carlos III of Madrid,"['Web applications', 'Web services', 'Web browser', 'Mobile devices', 'smartphone']",POINT (-3.7035825 40.4167047),"Madrid, Comunidad de Madrid, España"
B. Cristina Pelayo G-Bustelo,Oviedo,University of Oviedo,"['Web applications', 'Web services', 'Web browser', 'Mobile devices', 'smartphone']",POINT (-5.8483581 43.3618625),"Oviedo / Uviéu, Principado de Asturias, España"
Juan Manuel Cueva Lovelle,Oviedo,University of Oviedo,"['Web applications', 'Web services', 'Web browser', 'Mobile devices', 'smartphone']",POINT (-5.8483581 43.3618625),"Oviedo / Uviéu, Principado de Asturias, España"
Patricia Ordóñez de Pablos,Oviedo,University of Oviedo,"['Web applications', 'Web services', 'Web browser', 'Mobile devices', 'smartphone']",POINT (-5.8483581 43.3618625),"Oviedo / Uviéu, Principado de Asturias, España"
David Griffiths,Bolton,University of Bolton,"['Interoperability', 'Wookie', 'Widget', 'specification', 'W3C', 'Apache', 'IMS Learning Design', 'Mobile', 'Mash-up', 'personal learning environment']",POINT (-2.4300367 53.5782863),"Bolton, England, United Kingdom"
Mark Johnson,Bolton,University of Bolton,"['Interoperability', 'Wookie', 'Widget', 'specification', 'W3C', 'Apache', 'IMS Learning Design', 'Mobile', 'Mash-up', 'personal learning environment']",POINT (-2.4300367 53.5782863),"Bolton, England, United Kingdom"
Kris Popat,Bolton,University of Bolton,"['Interoperability', 'Wookie', 'Widget', 'specification', 'W3C', 'Apache', 'IMS Learning Design', 'Mobile', 'Mash-up', 'personal learning environment']",POINT (-2.4300367 53.5782863),"Bolton, England, United Kingdom"
Paul Sharples,Bolton,University of Bolton,"['Interoperability', 'Wookie', 'Widget', 'specification', 'W3C', 'Apache', 'IMS Learning Design', 'Mobile', 'Mash-up', 'personal learning environment']",POINT (-2.4300367 53.5782863),"Bolton, England, United Kingdom"
Scott Wilson,Bolton,University of Bolton,"['Interoperability', 'Wookie', 'Widget', 'specification', 'W3C', 'Apache', 'IMS Learning Design', 'Mobile', 'Mash-up', 'personal learning environment']",POINT (-2.4300367 53.5782863),"Bolton, England, United Kingdom"
Ricardo Queirós,Porto,CRACS & INESC-Porto LA & DI-ESEIG/IPP,"['e-Learning', 'interoperability', 'service oriented architectures']",POINT (-8.6107884 41.1494512),"Porto, Portugal"
José Paulo Leal,Porto,University of Porto,"['e-Learning', 'interoperability', 'service oriented architectures']",POINT (-8.6107884 41.1494512),"Porto, Portugal"
Marc Alier Forment,Barcelona,UPC Universitat Politècnica de Catalunya Barcelona-Tech,"['LMS', 'Google Docs', 'interoperability', 'eLearning', 'software as a service', 'cloud computing', 'VLE', 'PLE']",POINT (2.1774322 41.3828939),"Barcelona, 08001, Catalunya, España"
María José Casany,Barcelona,UPC Universitat Politècnica de Catalunya Barcelona-Tech,"['LMS', 'Google Docs', 'interoperability', 'eLearning', 'software as a service', 'cloud computing', 'VLE', 'PLE']",POINT (2.1774322 41.3828939),"Barcelona, 08001, Catalunya, España"
Enric Mayol,Barcelona,UPC Universitat Politècnica de Catalunya Barcelona-Tech,"['LMS', 'Google Docs', 'interoperability', 'eLearning', 'software as a service', 'cloud computing', 'VLE', 'PLE']",POINT (2.1774322 41.3828939),"Barcelona, 08001, Catalunya, España"
Jordi Piguillem,Barcelona,UPC Universitat Politècnica de Catalunya Barcelona-Tech,"['LMS', 'Google Docs', 'interoperability', 'eLearning', 'software as a service', 'cloud computing', 'VLE', 'PLE']",POINT (2.1774322 41.3828939),"Barcelona, 08001, Catalunya, España"
Nikolas Galanis,Salamanca,UPC Universitat Politècnica de Catalunya Barcelona-Tech,"['LMS', 'Google Docs', 'interoperability', 'eLearning', 'software as a service', 'cloud computing', 'VLE', 'PLE']",POINT (-5.6640182 40.9651572),"Salamanca, Castilla y León, España"
Francisco J. García-Peñalvo,Salamanca,(USAL Universidad de Salamanca,"['LMS', 'Google Docs', 'interoperability', 'eLearning', 'software as a service', 'cloud computing', 'VLE', 'PLE']",POINT (-5.6640182 40.9651572),"Salamanca, Castilla y León, España"
Anton Joha,London,EquaTerra,"['cloud computing', 'SaaS', 'software as a Service', 'business model', 'design choices', 'sourcing']",POINT (-0.1277653 51.5074456),"London, England, United Kingdom"
Marijn Janssen,Delft,Delft University of Technology,"['cloud computing', 'SaaS', 'software as a Service', 'business model', 'design choices', 'sourcing']",POINT (4.362724538543995 51.999457199999995),"Delft, Nederland"
Ricardo Colomo-Palacios,Madrid,Universidad Carlos III de Madrid,"['information systems development', 'cloud computing', 'software as a service', 'software vendors']",POINT (-3.7035825 40.4167047),"Madrid, Comunidad de Madrid, España"
Marc Sabbagh,Asnières sur Seine,Universidad Carlos III de Madrid,"['information systems development', 'cloud computing', 'software as a service', 'software vendors']",POINT (2.2890454 48.9105948),"Asnières-sur-Seine, 92600, Île-de-France, France"
Miguel García Rodríguez,Oviedo,University of Oviedo,"['service-oriented architectures', 'web services', 'cloud computing', 'semantic web', 'ontologies', 'data grounding', 'semantic web services', 'interoperability', 'mapping languages']",POINT (-5.8483581 43.3618625),"Oviedo / Uviéu, Principado de Asturias, España"
Jose María Alvarez Rodríguez,Oviedo,University of Oviedo,"['service-oriented architectures', 'web services', 'cloud computing', 'semantic web', 'ontologies', 'data grounding', 'semantic web services', 'interoperability', 'mapping languages']",POINT (-5.8483581 43.3618625),"Oviedo / Uviéu, Principado de Asturias, España"
Diego Berrueta Muñoz,Gijon,Fundacion CTIC,"['service-oriented architectures', 'web services', 'cloud computing', 'semantic web', 'ontologies', 'data grounding', 'semantic web services', 'interoperability', 'mapping languages']",POINT (-5.66275 43.5449422),"Gijón / Xixón, Principado de Asturias, España"
Luis Polo Paredes,Gijon,Fundacion CTIC,"['service-oriented architectures', 'web services', 'cloud computing', 'semantic web', 'ontologies', 'data grounding', 'semantic web services', 'interoperability', 'mapping languages']",POINT (-5.66275 43.5449422),"Gijón / Xixón, Principado de Asturias, España"
Jose Emilio Labra Gayo,Oviedo,University of Oviedo,"['service-oriented architectures', 'web services', 'cloud computing', 'semantic web', 'ontologies', 'data grounding', 'semantic web services', 'interoperability', 'mapping languages']",POINT (-5.8483581 43.3618625),"Oviedo / Uviéu, Principado de Asturias, España"
Patricia Ordóñez de Pablos,Oviedo,University of Oviedo,"['service-oriented architectures', 'web services', 'cloud computing', 'semantic web', 'ontologies', 'data grounding', 'semantic web services', 'interoperability', 'mapping languages']",POINT (-5.8483581 43.3618625),"Oviedo / Uviéu, Principado de Asturias, España"
Daniel Mellado,Madrid,Rey Juan Carlos University,[],POINT (-3.7035825 40.4167047),"Madrid, Comunidad de Madrid, España"
David G. Rosado,Ciudad Real,University of Castilla-La Mancha,[],POINT (-3.9285138 38.9854201),"Ciudad Real, Castilla-La Mancha, España"
Haralambos Mouratidis,London,University of East London,"['security', 'privacy', 'constraints', 'goal modelling', 'meta-model']",POINT (-0.1277653 51.5074456),"London, England, United Kingdom"
Christos Kalloniatis,Mytilene,University of the Aegean,"['security', 'privacy', 'constraints', 'goal modelling', 'meta-model']",POINT (26.554788 39.1037355),"Μυτιλήνη, 81100, Δημοτική Ενότητα Μυτιλήνης, Αποκεντρωμένη Διοίκηση Αιγαίου, Ελλάς"
Shareeful Islam,London,University of East London,"['security', 'privacy', 'constraints', 'goal modelling', 'meta-model']",POINT (-0.1277653 51.5074456),"London, England, United Kingdom"
Marc-Philippe Huget,Annecy-Chambéry,University of Savoie,"['security', 'privacy', 'constraints', 'goal modelling', 'meta-model']",POINT (6.086008679698335 45.7806512),"Pôle Métropolitain Annecy-Chambéry, France"
Stefanos Gritzalis,Mytilene,University of the Aegean,"['security', 'privacy', 'constraints', 'goal modelling', 'meta-model']",POINT (26.554788 39.1037355),"Μυτιλήνη, 81100, Δημοτική Ενότητα Μυτιλήνης, Αποκεντρωμένη Διοίκηση Αιγαίου, Ελλάς"
Pedro Martinez-Julia,Murcia,University of Murcia,"['Next Generation Internet', 'identity', 'privacy', 'overlay networks']",POINT (-1.1305431 37.9923795),"Murcia, Región de Murcia, España"
Antonio F. Gómez-Skarmeta,Murcia,University of Murcia,"['Next Generation Internet', 'identity', 'privacy', 'overlay networks']",POINT (-1.1305431 37.9923795),"Murcia, Región de Murcia, España"
Thijs Baars,Utrecht,Utrecht University,"['SeCA model', 'cloud security', 'cloud computing', 'case study', 'information security']",POINT (5.1215634 52.0907006),"Utrecht, Utrecht, Nederland"
Marco Spruit,Utrecht,Utrecht University,"['SeCA model', 'cloud security', 'cloud computing', 'case study', 'information security']",POINT (5.1215634 52.0907006),"Utrecht, Utrecht, Nederland"
Reijo M. Savola,Oulu,VTT Technical Research Centre of Finland,"['security metrics', 'risk analysis', 'agile SW development']",POINT (25.4716809 65.0118734),"Oulu, Manner-Suomi, Suomi"
Christian Frühwirth,Espoo,Aalto University,"['security metrics', 'risk analysis', 'agile SW development']",POINT (24.6568435 60.2047672),"Espoo, Manner-Suomi, Suomi"
Ari Pietikäinen,Kirkkonummi,Ericsson Finland,"['security metrics', 'risk analysis', 'agile SW development']",POINT (24.4406694 60.1227857),"Kirkkonummi, Manner-Suomi, Suomi"
Ismael Caballero,Ciudad Real,University of Castilla-La Mancha,"['Health Management Information System (HMIS or HIS)', 'quality health information', 'security health information', 'software engineering', 'security', 'quality', 'HIS', 'Personal Health Record (PHR)', 'ElectroniccHealth Record (EHR)']",POINT (-3.9285138 38.9854201),"Ciudad Real, Castilla-La Mancha, España"
Luis Enrique Sánchez,Ciudad Real,SICAMAN NT.,"['Health Management Information System (HMIS or HIS)', 'quality health information', 'security health information', 'software engineering', 'security', 'quality', 'HIS', 'Personal Health Record (PHR)', 'ElectroniccHealth Record (EHR)']",POINT (-3.9285138 38.9854201),"Ciudad Real, Castilla-La Mancha, España"
Alberto Freitas,Porto,Universidade do Porto,"['Health Management Information System (HMIS or HIS)', 'quality health information', 'security health information', 'software engineering', 'security', 'quality', 'HIS', 'Personal Health Record (PHR)', 'ElectroniccHealth Record (EHR)']",POINT (-8.6107884 41.1494512),"Porto, Portugal"
Eduardo Fernández-Medina,Ciudad Real,University of Castilla-La Mancha,"['Health Management Information System (HMIS or HIS)', 'quality health information', 'security health information', 'software engineering', 'security', 'quality', 'HIS', 'Personal Health Record (PHR)', 'ElectroniccHealth Record (EHR)']",POINT (-3.9285138 38.9854201),"Ciudad Real, Castilla-La Mancha, España"
Atulya K. Nagar,Liverpool,Liverpool Hope University,[],POINT (-2.99168 53.4071991),"Liverpool, England, United Kingdom"
Marian Gheorghe,Sheffield,University of Sheffield,"['membrane computing', 'distributed P systems', 'particle swarm optimisation', 'cross layer optimisation']",POINT (-1.4702278 53.3806626),"Sheffield, England, United Kingdom"
K.G. Subramanian,Penang,Universiti Sains Malaysia,"['membrane computing', 'P system', 'shuffle on trajectories', 'picture language']",POINT (8.2502533 45.0332014),"Penango, Piemonte, Italia"
Rosni Abdullah,Penang,Universiti Sains Malaysia,"['membrane computing', 'P system', 'shuffle on trajectories', 'picture language']",POINT (8.2502533 45.0332014),"Penango, Piemonte, Italia"
T. Robinson,Liverpool,Madras Christian College,"['membrane computing', 'P system', 'array languages', 'shuffle on trajectories']",POINT (-2.99168 53.4071991),"Liverpool, England, United Kingdom"
Marian Gheorghe,Sheffield,University of Sheffield,"['membrane computing', 'membrane algorithm', 'broadcasting problem', 'particle swarm optimization', 'membrane systems']",POINT (-1.4702278 53.3806626),"Sheffield, England, United Kingdom"
Florentin Ipate,Pitesti,University of Pitesti,"['membrane computing', 'membrane algorithm', 'broadcasting problem', 'particle swarm optimization', 'membrane systems']",POINT (24.8719422 44.8572343),"Pitești, România"
Raluca Lefticaru,Pitesti,University of Pitesti,"['membrane computing', 'membrane algorithm', 'broadcasting problem', 'particle swarm optimization', 'membrane systems']",POINT (24.8719422 44.8572343),"Pitești, România"
Atulya K. Nagar,Liverpool,Liverpool Hope University,"['global optimization', 'differential evolution', 'trigonometric mutation', 'quadratic interpolation', 'local search']",POINT (-2.99168 53.4071991),"Liverpool, England, United Kingdom"
Gurvinder Singh Baicher,Gwent,University of Wales Newport,"['optimization', 'quadrature mirror filter bank', 'genetic algorithms', 'IIR filters', 'multirate filter bank', 'real-time implementation', 'pulse code modulation', 'polyphase decomposition']",POINT (-3.000007 51.6666717),"Gwent, NP44 2BZ, Cymru / Wales, United Kingdom"
Basabdatta Sen Bhattacharya,Lincoln,(University of Lincoln,"['Alpha rhythm', 'Event-related-(de)synchronisation', ""Alzheimer's disease"", 'thalamo-cortical model']",POINT (-0.5404819 53.2293545),"Lincoln, England, United Kingdom"
Damien Coyle,Ulster,University of Ulster,"['Alpha rhythm', 'Event-related-(de)synchronisation', ""Alzheimer's disease"", 'thalamo-cortical model']",POINT (-6.948159941337819 54.574243249999995),"Ulster, United Kingdom"
Liam P. Maguire,Ulster,University of Ulster,"['Alpha rhythm', 'Event-related-(de)synchronisation', ""Alzheimer's disease"", 'thalamo-cortical model']",POINT (-6.948159941337819 54.574243249999995),"Ulster, United Kingdom"
Christian Gütl,Graz,Graz University of Technology,[],POINT (15.4382786 47.0708678),"Graz, Steiermark, Österreich"
Antonio L. Bajuelos,Aveiro,University of Aveiro,"['computational geometry', 'art gallery problems', 'visibility and coverage problems', 'hybrid metaheuristics and approximation algorithms']",POINT (-8.6537841 40.640496),"Aveiro, Portugal"
Santiago Canales,Madrid,Universidad Pontifícia Comillas de Madrid,"['computational geometry', 'art gallery problems', 'visibility and coverage problems', 'hybrid metaheuristics and approximation algorithms']",POINT (-3.7035825 40.4167047),"Madrid, Comunidad de Madrid, España"
Gregorio Hernández,Madrid,Universidad Politécnica de Madrid,"['computational geometry', 'art gallery problems', 'visibility and coverage problems', 'hybrid metaheuristics and approximation algorithms']",POINT (-3.7035825 40.4167047),"Madrid, Comunidad de Madrid, España"
Mafalda Martins,Aveiro,University of Aveiro,"['computational geometry', 'art gallery problems', 'visibility and coverage problems', 'hybrid metaheuristics and approximation algorithms']",POINT (-8.6537841 40.640496),"Aveiro, Portugal"
Jörg Keller,Hagen,FernUniversität in Hagen,"['parallel merge sort', 'on-chip pipelining', 'multicore computing', 'task mapping', 'streaming computations']",POINT (7.473296 51.3582945),"Hagen, Nordrhein-Westfalen, Deutschland"
Christoph W. Kessler,Linköping,Linköping Universitet,"['parallel merge sort', 'on-chip pipelining', 'multicore computing', 'task mapping', 'streaming computations']",POINT (15.6245252 58.4098135),"Linköping, 582 23, Sverige"
Rikard Hultén,Linköping,Linköping Universitet,"['parallel merge sort', 'on-chip pipelining', 'multicore computing', 'task mapping', 'streaming computations']",POINT (15.6245252 58.4098135),"Linköping, 582 23, Sverige"
Alexander Meduna,Brno,Brno University of Technology,"['formal languages', 'pure grammar systems', 'controlled derivations']",POINT (16.6113382 49.1922443),"Brno, Jihovýchod, Česko"
Petr Zemek,Brno,Brno University of Technology,"['formal languages', 'pure grammar systems', 'controlled derivations']",POINT (16.6113382 49.1922443),"Brno, Jihovýchod, Česko"
Efi Papatheocharous,Nicosia,University of Cyprus,"['software cost estimation', 'artificial neural networks', 'input sensitivity analysis']",POINT (14.397271 37.747452),"Nicosia, 94014, Sicilia, Italia"
Andreas S. Andreou,Lemesos,Cyprus University of Technology,"['software cost estimation', 'artificial neural networks', 'input sensitivity analysis']",POINT (33.0332657 34.6852901),"Λεμεσός, 3085, Δήμος Λεμεσού, Κύπρος, Κύπρος - Kıbrıs"
Henna Suomi,Espoo,Aalto University,"['multipath communication', 'path diversity', 'net benefit', 'end user']",POINT (24.6568435 60.2047672),"Espoo, Manner-Suomi, Suomi"
Kalevi Kilkki,Espoo,Aalto University,"['multipath communication', 'path diversity', 'net benefit', 'end user']",POINT (24.6568435 60.2047672),"Espoo, Manner-Suomi, Suomi"
Heikki Hämmäinen,Espoo,Aalto University,"['multipath communication', 'path diversity', 'net benefit', 'end user']",POINT (24.6568435 60.2047672),"Espoo, Manner-Suomi, Suomi"
Carlos Delgado Kloos,Madrid,Universidad Carlos III de Madrid,[],POINT (-3.7035825 40.4167047),"Madrid, Comunidad de Madrid, España"
Davinia Hernández-Leo,Barcelona,Universitat Pompeu Fabra,[],POINT (2.1774322 41.3828939),"Barcelona, 08001, Catalunya, España"
Juan I. Asensio-Pérez,Valladolid,Universidad de Valladolid,[],POINT (-4.728562 41.6521328),"Valladolid, Castilla y León, España"
Henriikka Vartiainen,Savonlinna,University of Eastern Finland,"['pedagogical model', 'learning by collaborative designing', 'learning object', 'project-based learning', 'design-oriented pedagogy']",POINT (28.8797178 61.8689933),"Savonlinna, Manner-Suomi, Suomi"
Anu Liljeström,Savonlina,University of Eastern Finland,"['pedagogical model', 'learning by collaborative designing', 'learning object', 'project-based learning', 'design-oriented pedagogy']",POINT (28.8797178 61.8689933),"Savonlinna, Manner-Suomi, Suomi"
Jorma Enkenberg,Savonlina,University of Eastern Finland,"['pedagogical model', 'learning by collaborative designing', 'learning object', 'project-based learning', 'design-oriented pedagogy']",POINT (28.8797178 61.8689933),"Savonlinna, Manner-Suomi, Suomi"
Nikolaos Avouris,Patras,University of Patras,"['mobile games', 'mobile learning', 'informal learning', 'location based games', 'game-based learning']",POINT (4.5424004 47.9308179),"Villers-Patras, 21400, Bourgogne-Franche-Comté, France"
Nikoleta Yiannoutsou,Patras,University of Patras,"['mobile games', 'mobile learning', 'informal learning', 'location based games', 'game-based learning']",POINT (4.5424004 47.9308179),"Villers-Patras, 21400, Bourgogne-Franche-Comté, France"
Stefaan Ternier,Heerlen,Open University of the Netherlands,"['immersive learning games', 'augmented reality', 'augmented virtuality']",POINT (5.981506585454879 50.8775239),"Heerlen, Limburg, Nederland"
Roland Klemke,Heerlen,Open University of the Netherlands,"['immersive learning games', 'augmented reality', 'augmented virtuality']",POINT (5.981506585454879 50.8775239),"Heerlen, Limburg, Nederland"
Marco Kalz,Heerlen,Open University of the Netherlands,"['immersive learning games', 'augmented reality', 'augmented virtuality']",POINT (5.981506585454879 50.8775239),"Heerlen, Limburg, Nederland"
Patricia van Ulzen,Heerlen,Open University of the Netherlands,"['immersive learning games', 'augmented reality', 'augmented virtuality']",POINT (5.981506585454879 50.8775239),"Heerlen, Limburg, Nederland"
Davinia Hernández-Leo,Barcelona,Universitat Pompeu Fabra,"['activities across spaces', 'CSCL', 'collaborative learning flows', 'classroom orchestration', 'augmented physical spaces', 'wearable devices']",POINT (2.1774322 41.3828939),"Barcelona, 08001, Catalunya, España"
Raul Nieves,Barcelona,Universitat Pompeu Fabra,"['activities across spaces', 'CSCL', 'collaborative learning flows', 'classroom orchestration', 'augmented physical spaces', 'wearable devices']",POINT (2.1774322 41.3828939),"Barcelona, 08001, Catalunya, España"
Ernesto Arroyo,Barcelona,Universitat Pompeu Fabra,"['activities across spaces', 'CSCL', 'collaborative learning flows', 'classroom orchestration', 'augmented physical spaces', 'wearable devices']",POINT (2.1774322 41.3828939),"Barcelona, 08001, Catalunya, España"
Andrea Rosales,Barcelona,Universitat Pompeu Fabra,"['activities across spaces', 'CSCL', 'collaborative learning flows', 'classroom orchestration', 'augmented physical spaces', 'wearable devices']",POINT (2.1774322 41.3828939),"Barcelona, 08001, Catalunya, España"
Javier Melero,Barcelona,Universitat Pompeu Fabra,"['activities across spaces', 'CSCL', 'collaborative learning flows', 'classroom orchestration', 'augmented physical spaces', 'wearable devices']",POINT (2.1774322 41.3828939),"Barcelona, 08001, Catalunya, España"
Josep Blat,Barcelona,Universitat Pompeu Fabra,"['activities across spaces', 'CSCL', 'collaborative learning flows', 'classroom orchestration', 'augmented physical spaces', 'wearable devices']",POINT (2.1774322 41.3828939),"Barcelona, 08001, Catalunya, España"
María Blanca Ibáñez,Madrid,Universidad Carlos III de Madrid,"['hybrid learning environments', 'augmented reality', 'augmented virtuality', 'mirror worlds', '3D virtual worlds', 'architecture for virtual learning environments']",POINT (-3.7035825 40.4167047),"Madrid, Comunidad de Madrid, España"
David Maroto,Madrid,Universidad Carlos III de Madrid,"['hybrid learning environments', 'augmented reality', 'augmented virtuality', 'mirror worlds', '3D virtual worlds', 'architecture for virtual learning environments']",POINT (-3.7035825 40.4167047),"Madrid, Comunidad de Madrid, España"
José Jesús García Rueda,Madrid,Universidad Carlos III de Madrid,"['hybrid learning environments', 'augmented reality', 'augmented virtuality', 'mirror worlds', '3D virtual worlds', 'architecture for virtual learning environments']",POINT (-3.7035825 40.4167047),"Madrid, Comunidad de Madrid, España"
Derick Leony,Madrid,Universidad Carlos III de Madrid,"['hybrid learning environments', 'augmented reality', 'augmented virtuality', 'mirror worlds', '3D virtual worlds', 'architecture for virtual learning environments']",POINT (-3.7035825 40.4167047),"Madrid, Comunidad de Madrid, España"
Carlos Delgado Kloos,Madrid,Universidad Carlos III de Madrid,"['hybrid learning environments', 'augmented reality', 'augmented virtuality', 'mirror worlds', '3D virtual worlds', 'architecture for virtual learning environments']",POINT (-3.7035825 40.4167047),"Madrid, Comunidad de Madrid, España"
Christian Gütl,Graz,Graz University of Technology,[],POINT (15.4382786 47.0708678),"Graz, Steiermark, Österreich"
Daniel Găină,Nomi,Japan Advanced Institute of Science and Technology,"['institution', 'Horn logic', 'proof theory', 'completeness', 'induction', 'constructor']",POINT (11.071881 45.928599),"Nomi, 38060, Trentino-Alto Adige/Südtirol, Italia"
Kokichi Futatsugi,Nomi,Japan Advanced Institute of Science and Technology,"['institution', 'Horn logic', 'proof theory', 'completeness', 'induction', 'constructor']",POINT (11.071881 45.928599),"Nomi, 38060, Trentino-Alto Adige/Südtirol, Italia"
Kazuhiro Ogata,Nomi,Japan Advanced Institute of Science and Technology,"['institution', 'Horn logic', 'proof theory', 'completeness', 'induction', 'constructor']",POINT (11.071881 45.928599),"Nomi, 38060, Trentino-Alto Adige/Südtirol, Italia"
Ajith Abraham,ashington,Machine Intelligence Research Labs (MIR Labs),"['semantic web', 'ontology', 'corpus', 'word senses', 'word sense disambiguation (WSD)', 'coarse-grained word senses']",POINT (-1.57027 55.1832364),"Ashington, England, United Kingdom"
David Griffiths,Bolton,The University of Bolton,"['W3C', 'Widget', 'affordance', 'Personal Learning Environment', 'learning design', 'app store', 'Apache', 'Wookie', 'Rave', 'EDUKapp', 'iTEC', 'Omelette', 'iCamp', 'ROLE']",POINT (-2.4300367 53.5782863),"Bolton, England, United Kingdom"
Mark William Johnson,Bolton,The University of Bolton,"['W3C', 'Widget', 'affordance', 'Personal Learning Environment', 'learning design', 'app store', 'Apache', 'Wookie', 'Rave', 'EDUKapp', 'iTEC', 'Omelette', 'iCamp', 'ROLE']",POINT (-2.4300367 53.5782863),"Bolton, England, United Kingdom"
Kris Popat,Bolton,The University of Bolton,"['W3C', 'Widget', 'affordance', 'Personal Learning Environment', 'learning design', 'app store', 'Apache', 'Wookie', 'Rave', 'EDUKapp', 'iTEC', 'Omelette', 'iCamp', 'ROLE']",POINT (-2.4300367 53.5782863),"Bolton, England, United Kingdom"
Paul Sharples,Bolton,The University of Bolton,"['W3C', 'Widget', 'affordance', 'Personal Learning Environment', 'learning design', 'app store', 'Apache', 'Wookie', 'Rave', 'EDUKapp', 'iTEC', 'Omelette', 'iCamp', 'ROLE']",POINT (-2.4300367 53.5782863),"Bolton, England, United Kingdom"
Scott Wilson,Bolton,The University of Bolton,"['W3C', 'Widget', 'affordance', 'Personal Learning Environment', 'learning design', 'app store', 'Apache', 'Wookie', 'Rave', 'EDUKapp', 'iTEC', 'Omelette', 'iCamp', 'ROLE']",POINT (-2.4300367 53.5782863),"Bolton, England, United Kingdom"
Rob J.M. Hartog,Wageningen,Wageningen University,"['activating digital learning resources', 'learning objects', 'requirements engineering', 'design-oriented research', 'large-scale use']",POINT (5.668298061827958 51.9685817),"Wageningen, Nederland"
Adrie J.M. Beulens,Wageningen,Wageningen University,"['activating digital learning resources', 'learning objects', 'requirements engineering', 'design-oriented research', 'large-scale use']",POINT (5.668298061827958 51.9685817),"Wageningen, Nederland"
Johannes Tramper,Wageningen,Wageningen University,"['activating digital learning resources', 'learning objects', 'requirements engineering', 'design-oriented research', 'large-scale use']",POINT (5.668298061827958 51.9685817),"Wageningen, Nederland"
Atif Latif,Kiel,Leibniz Information Center for Economics,[],POINT (10.135555 54.3227085),"Kiel, Schleswig-Holstein, Deutschland"
Hermann Maurer,Graz,Graz University of Technology,[],POINT (15.4382786 47.0708678),"Graz, Steiermark, Österreich"
María-Teresa Martín-Valdivia,Jaén,University of Jaén,"['opinion mining', 'sentiment polarity', 'neutral examples', 'NLP']",POINT (-3.7883289 37.7728858),"Jaén, Andalucía, España"
Arturo Montejo-Ráez,Jaén,University of Jaén,"['opinion mining', 'sentiment polarity', 'neutral examples', 'NLP']",POINT (-3.7883289 37.7728858),"Jaén, Andalucía, España"
Alfonso Ureña-López,Jaén,University of Jaén,"['opinion mining', 'sentiment polarity', 'neutral examples', 'NLP']",POINT (-3.7883289 37.7728858),"Jaén, Andalucía, España"
Mohammed Rushdi Saleh,Jaén,University of Jaén,"['opinion mining', 'sentiment polarity', 'neutral examples', 'NLP']",POINT (-3.7883289 37.7728858),"Jaén, Andalucía, España"
Javier Melero,Barcelona,Universitat Pompeu Fabra,"['literature review', 'ICT Engineering Education', 'teaching and learning strategies', 'constructivism', 'scaffolding']",POINT (2.1774322 41.3828939),"Barcelona, 08001, Catalunya, España"
Davinia Hernández-Leo,Barcelona,Universitat Pompeu Fabra,"['literature review', 'ICT Engineering Education', 'teaching and learning strategies', 'constructivism', 'scaffolding']",POINT (2.1774322 41.3828939),"Barcelona, 08001, Catalunya, España"
Josep Blat,Barcelona,Universitat Pompeu Fabra,"['literature review', 'ICT Engineering Education', 'teaching and learning strategies', 'constructivism', 'scaffolding']",POINT (2.1774322 41.3828939),"Barcelona, 08001, Catalunya, España"
Klaus-Dieter Schewe,Linz,Johannes Kepler University Linz,[],POINT (14.286198 48.3059078),"Linz, Österreich"
Bernhard Thalheim,Kiel,Christian Albrechts University Kiel,[],POINT (10.135555 54.3227085),"Kiel, Schleswig-Holstein, Deutschland"
Juan M. Vara,Madrid,Rey Juan Carlos University,"['service evolution', 'model-driven engineering', 'compatibility', 'type theory']",POINT (-3.7035825 40.4167047),"Madrid, Comunidad de Madrid, España"
Vasilios Andrikopoulos,Stuttgart,University of Stuttgart,"['service evolution', 'model-driven engineering', 'compatibility', 'type theory']",POINT (9.1800132 48.7784485),"Stuttgart, Baden-Württemberg, Deutschland"
Michael P. Papazoglou,Tilburg,Tilburg University,"['service evolution', 'model-driven engineering', 'compatibility', 'type theory']",POINT (5.0886014 51.5562404),"Tilburg, Noord-Brabant, Nederland"
Esperanza Marcos,Madrid,Rey Juan Carlos University,"['service evolution', 'model-driven engineering', 'compatibility', 'type theory']",POINT (-3.7035825 40.4167047),"Madrid, Comunidad de Madrid, España"
Jose Ignacio Fernández-Villamor,Madrid,Universidad Politécnica de Madrid,"['mashups', 'services', 'widgets', 'components', 'discovery', 'integration']",POINT (-3.7035825 40.4167047),"Madrid, Comunidad de Madrid, España"
Carlos Á. Iglesias,Madrid,Universidad Politécnica de Madrid,"['mashups', 'services', 'widgets', 'components', 'discovery', 'integration']",POINT (-3.7035825 40.4167047),"Madrid, Comunidad de Madrid, España"
Mercedes Garijo,Madrid,Universidad Politécnica de Madrid,"['mashups', 'services', 'widgets', 'components', 'discovery', 'integration']",POINT (-3.7035825 40.4167047),"Madrid, Comunidad de Madrid, España"
Ji Ma,Hagenberg,Software Competence Center Hagenberg,"['risk assessment', 'access control', 'RBAC', 'poset', 'security classification']",POINT (14.516935 48.3674201),"Hagenberg im Mühlkreis, 4232, Österreich"
Bernhard Thalheim,Kiel,(Christian-Albrechts University of Kiel,"['service systems', 'conceptual modelling', 'IT service systems', 'Web-based services', 'classical rhetorical frame', 'Hermagoras of Temnos', 'conceptual model for services']",POINT (10.135555 54.3227085),"Kiel, Schleswig-Holstein, Deutschland"
Valeria de Castro,Madrid,Rey Juan Carlos University,"['service-oriented', 'model-driven development', 'Web information systems']",POINT (-3.7035825 40.4167047),"Madrid, Comunidad de Madrid, España"
Juan Manuel Vara,Madrid,Rey Juan Carlos University,"['service-oriented', 'model-driven development', 'Web information systems']",POINT (-3.7035825 40.4167047),"Madrid, Comunidad de Madrid, España"
Esperanza Marcos,Madrid,Rey Juan Carlos University,"['service-oriented', 'model-driven development', 'Web information systems']",POINT (-3.7035825 40.4167047),"Madrid, Comunidad de Madrid, España"
Carlos Delgado Kloos,Madrid,Universidad Carlos III de Madrid,[],POINT (-3.7035825 40.4167047),"Madrid, Comunidad de Madrid, España"
Christian Gütl,Graz,Graz University of Technology,[],POINT (15.4382786 47.0708678),"Graz, Steiermark, Österreich"
Frank Kappe,Graz,Graz University of Technology,[],POINT (15.4382786 47.0708678),"Graz, Steiermark, Österreich"
David Griol,Leganés,Carlos III University of Madrid,"['Virtual Worlds', 'Second Life', 'OpenSimulator', 'Sloodle', 'E-learning', 'speech interaction']",POINT (-3.76527 40.3281942),"Leganés, Comunidad de Madrid, España"
José Manuel Molina,Leganés,Carlos III University of Madrid,"['Virtual Worlds', 'Second Life', 'OpenSimulator', 'Sloodle', 'E-learning', 'speech interaction']",POINT (-3.76527 40.3281942),"Leganés, Comunidad de Madrid, España"
Araceli Sanchis de Miguel,Leganés,Carlos III University of Madrid,"['Virtual Worlds', 'Second Life', 'OpenSimulator', 'Sloodle', 'E-learning', 'speech interaction']",POINT (-3.76527 40.3281942),"Leganés, Comunidad de Madrid, España"
Zoraida Callejas,Granada,University of Granada,"['Virtual Worlds', 'Second Life', 'OpenSimulator', 'Sloodle', 'E-learning', 'speech interaction']",POINT (-3.5995337 37.1734995),"Granada, Andalucía, España"
Nathan Labhart,Zürich,University of Zurich,"['global teaching', 'intercultural learning', 'videoconference', '3D collaborative virtual environments']",POINT (8.5410422 47.3744489),"Zürich, Zürich, Schweiz/Suisse/Svizzera/Svizra"
Andy Zbinden,Zürich,SWITCH,"['global teaching', 'intercultural learning', 'videoconference', '3D collaborative virtual environments']",POINT (8.5410422 47.3744489),"Zürich, Zürich, Schweiz/Suisse/Svizzera/Svizra"
Andreas Schmeil,Lugano,University of Lugano,"['global teaching', 'intercultural learning', 'videoconference', '3D collaborative virtual environments']",POINT (8.9520281 46.0050102),"Lugano, Ticino, Schweiz/Suisse/Svizzera/Svizra"
María Blanca Ibáñez,Leganés,Universidad Carlos III de Madrid,"['authoring tools', '3D collaborative virtual worlds', 'computer based assessment', 'TAM']",POINT (-3.76527 40.3281942),"Leganés, Comunidad de Madrid, España"
José Jesús Garcia Rueda,Leganés,Universidad Carlos III de Madrid,"['authoring tools', '3D collaborative virtual worlds', 'computer based assessment', 'TAM']",POINT (-3.76527 40.3281942),"Leganés, Comunidad de Madrid, España"
Diego Morillo,Leganés,Universidad Carlos III de Madrid,"['authoring tools', '3D collaborative virtual worlds', 'computer based assessment', 'TAM']",POINT (-3.76527 40.3281942),"Leganés, Comunidad de Madrid, España"
Carlos Delgado Kloos,Leganés,Universidad Carlos III de Madrid,"['authoring tools', '3D collaborative virtual worlds', 'computer based assessment', 'TAM']",POINT (-3.76527 40.3281942),"Leganés, Comunidad de Madrid, España"
Pilar Sancho,Madrid,Complutense University of Madrid,"['computer supported collaborative learning', 'problem based learning', 'learning in multi-user virtual environments']",POINT (-3.7035825 40.4167047),"Madrid, Comunidad de Madrid, España"
Javier Torrente,Madrid,Complutense University of Madrid,"['computer supported collaborative learning', 'problem based learning', 'learning in multi-user virtual environments']",POINT (-3.7035825 40.4167047),"Madrid, Comunidad de Madrid, España"
Baltasar Fernández-Manjón,Madrid,Complutense University of Madrid,"['computer supported collaborative learning', 'problem based learning', 'learning in multi-user virtual environments']",POINT (-3.7035825 40.4167047),"Madrid, Comunidad de Madrid, España"
Alok Mishra,Ankara,Atilim University,[],POINT (32.8540497 39.9207759),"Ankara, 06420, Çankaya, Ankara, Türkiye"
Jürgen Münch,Helsinki,University of Helsinki,[],POINT (24.9427473 60.1674881),"Helsinki, Manner-Suomi, Suomi"
Deepti Mishra,Ankara,Atilim University,[],POINT (32.8540497 39.9207759),"Ankara, 06420, Çankaya, Ankara, Türkiye"
José Luis Hernández,Ciudad Real,University of Castilla-La Mancha,"['trust', 'distributed software sevelopment (DSD)', 'global software development (GSD)', 'tools for GSD']",POINT (-3.9285138 38.9854201),"Ciudad Real, Castilla-La Mancha, España"
Aurora Vizcaíno,Ciudad Real,University of Castilla-La Mancha,"['trust', 'distributed software sevelopment (DSD)', 'global software development (GSD)', 'tools for GSD']",POINT (-3.9285138 38.9854201),"Ciudad Real, Castilla-La Mancha, España"
Ismael Caballero,Ciudad Real,University of Castilla-La Mancha,"['trust', 'distributed software sevelopment (DSD)', 'global software development (GSD)', 'tools for GSD']",POINT (-3.9285138 38.9854201),"Ciudad Real, Castilla-La Mancha, España"
Ricardo Colomo-Palacios,Leganes,Universidad Carlos III de Madrid,"['global software development', 'product manager', 'release planning', 'focus group', 'Delphi study']",POINT (-3.76527 40.3281942),"Leganés, Comunidad de Madrid, España"
Pedro Soto-Acosta,Murcia,Universidad de Murcia,"['global software development', 'product manager', 'release planning', 'focus group', 'Delphi study']",POINT (-1.1305431 37.9923795),"Murcia, Región de Murcia, España"
Francisco J. García-Peñalvo,Salamanca,Universidad de Salamanca,"['global software development', 'product manager', 'release planning', 'focus group', 'Delphi study']",POINT (-5.6640182 40.9651572),"Salamanca, Castilla y León, España"
Ángel García-Crespo,Leganes,Universidad Carlos III de Madrid,"['global software development', 'product manager', 'release planning', 'focus group', 'Delphi study']",POINT (-3.76527 40.3281942),"Leganés, Comunidad de Madrid, España"
Nicolas Padilla,Almeria,University of Almeria,"['MDE', 'component-based development', 'user interfaces', 'user interaction', 'cooperative systems']",POINT (-2.4628135 36.8414197),"Almería, Andalucía, España"
Javier Criado,Almeria,University of Almeria,"['MDE', 'component-based development', 'user interfaces', 'user interaction', 'cooperative systems']",POINT (-2.4628135 36.8414197),"Almería, Andalucía, España"
Cristina Vicente-Chicote,Cartagena,Technical University of Cartagena,"['MDE', 'component-based development', 'user interfaces', 'user interaction', 'cooperative systems']",POINT (-0.9841152 37.6019353),"Cartagena, Región de Murcia, España"
Deepti Mishra,Ankara,Atilim University Incek,"['global software development', 'distributed software development', 'software inspection', 'tool', 'software quality']",POINT (32.8540497 39.9207759),"Ankara, 06420, Çankaya, Ankara, Türkiye"
Alok Mishra,Ankara,Atilim University Incek,"['global software development', 'distributed software development', 'software inspection', 'tool', 'software quality']",POINT (32.8540497 39.9207759),"Ankara, 06420, Çankaya, Ankara, Türkiye"
Christian Gütl,Graz,Graz University of Technology,[],POINT (15.4382786 47.0708678),"Graz, Steiermark, Österreich"
Lutz Prechelt,Berlin,Freie Universität Berlin,"['FNR', 'failures', 'forum', 'negative results']",POINT (13.3888599 52.5170365),"Berlin, Deutschland"
Dario Della Monica,Reykjavik,Reykjavik University,"['interval neighborhood logics', 'undecidability', 'hybrid logics', 'interval length binders', 'first-order logic']",POINT (-21.9422367 64.145981),"Reykjavík, Ísland"
Valentin Goranko,Copenhagen,Technical Institute of Denmark,"['interval neighborhood logics', 'undecidability', 'hybrid logics', 'interval length binders', 'first-order logic']",POINT (12.5700724 55.6867243),"København, 1357, Region Hovedstaden, Danmark"
Angelo Montanari,Udine,University of Udine,"['interval neighborhood logics', 'undecidability', 'hybrid logics', 'interval length binders', 'first-order logic']",POINT (13.2358377 46.0634632),"Udine, 33100, Friuli Venezia Giulia, Italia"
Guido Sciavicco,Murcia,University of Murcia,"['interval neighborhood logics', 'undecidability', 'hybrid logics', 'interval length binders', 'first-order logic']",POINT (-1.1305431 37.9923795),"Murcia, Región de Murcia, España"
Jonas Lundberg,Vaxjo,Linnaeus University,"['static program analysis', 'points-to analysis', 'context sensitivity']",POINT (14.8094385 56.8787183),"Växjö, 351 04, Sverige"
Welf Lowe,Vaxjo,Linnaeus University,"['static program analysis', 'points-to analysis', 'context sensitivity']",POINT (14.8094385 56.8787183),"Växjö, 351 04, Sverige"
Iosif Petrakis,München,Ludwig-Maximilians Universität München,"['constructive mathematics', 'countable choice']",POINT (11.5753822 48.1371079),"München, Bayern, Deutschland"
Vladimir Tarasov,Jönköping,Jönköping University,"['competence', 'competence managemen', 'competence profile', 'formalisation', 'ontology-based profile', 'OWL', 'Jena']",POINT (14.165719 57.7825634),"Jönköping, 551 86, Sverige"
