Author,City,Institution,Keywords
Francisco J. García-Peñalvo,Salamanca,University of Salamanca,[]
Ricardo Colomo-Palacios,Madrid,Universidad Carlos III de Madrid,[]
Miltiadis D. Lytras,Gerakas,The American College of Greece,[]
Valentina Gatteschi,Torino,Politecnico di Torino,"['taxonomy', 'ontology', 'lifelong learning', 'qualifications', 'semantic engine']"
Fabrizio Lamberti,Torino,Politecnico di Torino,"['taxonomy', 'ontology', 'lifelong learning', 'qualifications', 'semantic engine']"
Claudio Demartini,Torino,Politecnico di Torino,"['taxonomy', 'ontology', 'lifelong learning', 'qualifications', 'semantic engine']"
Rob van Wezel,Ede,KCH International,"['taxonomy', 'ontology', 'lifelong learning', 'qualifications', 'semantic engine']"
Simonetta Bettiol,Venezia,Ufficio Scolastico Regionale per il Veneto,"['taxonomy', 'ontology', 'lifelong learning', 'qualifications', 'semantic engine']"
Santi Caballe,Barcelona,Open University of Catalonia,"['collaborative learning', 'collaborative complex learning objects', 'virtualized collaborative sessions', 'on-line discussions']"
David Ganan,Barcelona,Open University of Catalonia,"['collaborative learning', 'collaborative complex learning objects', 'virtualized collaborative sessions', 'on-line discussions']"
Ian Dunwell,Coventry,Coventry University,"['collaborative learning', 'collaborative complex learning objects', 'virtualized collaborative sessions', 'on-line discussions']"
Anna Pierri,Baronissi,"Modelli Matematici e Applicazioni (MoMA, SpA)","['collaborative learning', 'collaborative complex learning objects', 'virtualized collaborative sessions', 'on-line discussions']"
Thanasis Daradoumis,Mytilene,University of the Aegean,"['collaborative learning', 'collaborative complex learning objects', 'virtualized collaborative sessions', 'on-line discussions']"
Peter B. Sloep,Heerlen,Open Universiteit Nederland,"['networked learning', 'learning network', 'FP7', 'innovation', 'language technologies', 'idSpace', 'LTfLL', 'Handover']"
Adriana J. Berlanga,Heerlen,Open Universiteit Nederland,"['networked learning', 'learning network', 'FP7', 'innovation', 'language technologies', 'idSpace', 'LTfLL', 'Handover']"
Wolfgang Greller,Heerlen,Open Universiteit Nederland,"['networked learning', 'learning network', 'FP7', 'innovation', 'language technologies', 'idSpace', 'LTfLL', 'Handover']"
Slavi Stoyanov,Heerlen,Open Universiteit Nederland,"['networked learning', 'learning network', 'FP7', 'innovation', 'language technologies', 'idSpace', 'LTfLL', 'Handover']"
Marcel van der Klink,Heerlen,Open Universiteit Nederland,"['networked learning', 'learning network', 'FP7', 'innovation', 'language technologies', 'idSpace', 'LTfLL', 'Handover']"
Symeon Retalis,Piraeus,University of Piraeus,"['networked learning', 'learning network', 'FP7', 'innovation', 'language technologies', 'idSpace', 'LTfLL', 'Handover']"
Jan Hensgens,Maastricht,Aurus KTS,"['networked learning', 'learning network', 'FP7', 'innovation', 'language technologies', 'idSpace', 'LTfLL', 'Handover']"
Jesus G. Boticario,Madrid,aDeNu Research Group,"['educational standards', 'adaptive learning', 'user modelling', 'service oriented architecture', 'web accessibility', 'learning objects', 'metadata and learning', 'user-centred design']"
Alejandro Rodriguez-Ascaso,Madrid,aDeNu Research Group,"['educational standards', 'adaptive learning', 'user modelling', 'service oriented architecture', 'web accessibility', 'learning objects', 'metadata and learning', 'user-centred design']"
Olga C. Santos,Madrid,aDeNu Research Group,"['educational standards', 'adaptive learning', 'user modelling', 'service oriented architecture', 'web accessibility', 'learning objects', 'metadata and learning', 'user-centred design']"
Emmanuelle Raffenne,Madrid,Madrid,"['educational standards', 'adaptive learning', 'user modelling', 'service oriented architecture', 'web accessibility', 'learning objects', 'metadata and learning', 'user-centred design']"
Lydia Montandon,Madrid,Atos GIBS (Global Innovation and Business Strategy),"['educational standards', 'adaptive learning', 'user modelling', 'service oriented architecture', 'web accessibility', 'learning objects', 'metadata and learning', 'user-centred design']"
David Roldán,Madrid,Universidad Politécnica de Valencia,"['educational standards', 'adaptive learning', 'user modelling', 'service oriented architecture', 'web accessibility', 'learning objects', 'metadata and learning', 'user-centred design']"
Félix Buendía,Madrid,Universidad Politécnica de Valencia,"['educational standards', 'adaptive learning', 'user modelling', 'service oriented architecture', 'web accessibility', 'learning objects', 'metadata and learning', 'user-centred design']"
Benjamim Fonseca,Vila Real,University of Trás-os-Montes e Alto Douro,"['computers in education', 'technology enhanced learning', 'entrepreneurship', 'entrepreneurship education', 'business education', 'serious games', 'Facebook', 'game based learning', 'EU project']"
Leonel Morgado,Vila Real,University of Trás-os-Montes e Alto Douro,"['computers in education', 'technology enhanced learning', 'entrepreneurship', 'entrepreneurship education', 'business education', 'serious games', 'Facebook', 'game based learning', 'EU project']"
Hugo Paredes,Vila Real,University of Trás-os-Montes e Alto Douro,"['computers in education', 'technology enhanced learning', 'entrepreneurship', 'entrepreneurship education', 'business education', 'serious games', 'Facebook', 'game based learning', 'EU project']"
Paulo Martins,Vila Real,University of Trás-os-Montes e Alto Douro,"['computers in education', 'technology enhanced learning', 'entrepreneurship', 'entrepreneurship education', 'business education', 'serious games', 'Facebook', 'game based learning', 'EU project']"
Ramiro Gonçalves,Vila Real,University of Trás-os-Montes e Alto Douro,"['computers in education', 'technology enhanced learning', 'entrepreneurship', 'entrepreneurship education', 'business education', 'serious games', 'Facebook', 'game based learning', 'EU project']"
Pedro Neves,Vila Real,University of Trás-os-Montes e Alto Douro,"['computers in education', 'technology enhanced learning', 'entrepreneurship', 'entrepreneurship education', 'business education', 'serious games', 'Facebook', 'game based learning', 'EU project']"
Ricardo Rodrigues Nunes,Vila Real,University of Trás-os-Montes e Alto Douro,"['computers in education', 'technology enhanced learning', 'entrepreneurship', 'entrepreneurship education', 'business education', 'serious games', 'Facebook', 'game based learning', 'EU project']"
Jorge Lima,Vila Real,University of Trás-os-Montes e Alto Douro,"['computers in education', 'technology enhanced learning', 'entrepreneurship', 'entrepreneurship education', 'business education', 'serious games', 'Facebook', 'game based learning', 'EU project']"
João Varajão,Vila Real,University of Trás-os-Montes e Alto Douro,"['computers in education', 'technology enhanced learning', 'entrepreneurship', 'entrepreneurship education', 'business education', 'serious games', 'Facebook', 'game based learning', 'EU project']"
Ângela Pereira,Leiria,Instituto Politécnico de Leiria,"['computers in education', 'technology enhanced learning', 'entrepreneurship', 'entrepreneurship education', 'business education', 'serious games', 'Facebook', 'game based learning', 'EU project']"
Robert Sanders,Brussels,EBN - European BIC Network,"['computers in education', 'technology enhanced learning', 'entrepreneurship', 'entrepreneurship education', 'business education', 'serious games', 'Facebook', 'game based learning', 'EU project']"
Vera Barracho,Brussels,EBN - European BIC Network,"['computers in education', 'technology enhanced learning', 'entrepreneurship', 'entrepreneurship education', 'business education', 'serious games', 'Facebook', 'game based learning', 'EU project']"
Urban Lapajne,Maribor,University of Maribor,"['computers in education', 'technology enhanced learning', 'entrepreneurship', 'entrepreneurship education', 'business education', 'serious games', 'Facebook', 'game based learning', 'EU project']"
Matej Rus,Maribor,University of Maribor,"['computers in education', 'technology enhanced learning', 'entrepreneurship', 'entrepreneurship education', 'business education', 'serious games', 'Facebook', 'game based learning', 'EU project']"
Martin Rahe,Barcelona,EADA - Escuela de Alta Dirección y Administración,"['computers in education', 'technology enhanced learning', 'entrepreneurship', 'entrepreneurship education', 'business education', 'serious games', 'Facebook', 'game based learning', 'EU project']"
Andre Mostert,London,University of East London,"['computers in education', 'technology enhanced learning', 'entrepreneurship', 'entrepreneurship education', 'business education', 'serious games', 'Facebook', 'game based learning', 'EU project']"
Thorsten Klein,London,University of East London,"['computers in education', 'technology enhanced learning', 'entrepreneurship', 'entrepreneurship education', 'business education', 'serious games', 'Facebook', 'game based learning', 'EU project']"
Viktorija Bojovic,Novi Sad,University of Novi Sad,"['computers in education', 'technology enhanced learning', 'entrepreneurship', 'entrepreneurship education', 'business education', 'serious games', 'Facebook', 'game based learning', 'EU project']"
Saša Bošnjak,Novi Sad,University of Novi Sad,"['computers in education', 'technology enhanced learning', 'entrepreneurship', 'entrepreneurship education', 'business education', 'serious games', 'Facebook', 'game based learning', 'EU project']"
Zita Bošnjak,Novi Sad,University of Novi Sad,"['computers in education', 'technology enhanced learning', 'entrepreneurship', 'entrepreneurship education', 'business education', 'serious games', 'Facebook', 'game based learning', 'EU project']"
João Carvalho,Covilhã,CIEBI - Centro de Inovação Empresarial da Beira Interior,"['computers in education', 'technology enhanced learning', 'entrepreneurship', 'entrepreneurship education', 'business education', 'serious games', 'Facebook', 'game based learning', 'EU project']"
Isabel Duarte,Covilhã,CIEBI - Centro de Inovação Empresarial da Beira Interior,"['computers in education', 'technology enhanced learning', 'entrepreneurship', 'entrepreneurship education', 'business education', 'serious games', 'Facebook', 'game based learning', 'EU project']"
Andreana Casaramona,Messina,Innova BIC - Business Innovation Centre,"['computers in education', 'technology enhanced learning', 'entrepreneurship', 'entrepreneurship education', 'business education', 'serious games', 'Facebook', 'game based learning', 'EU project']"
Alberto Soraci,Messina,Innova BIC - Business Innovation Centre,"['computers in education', 'technology enhanced learning', 'entrepreneurship', 'entrepreneurship education', 'business education', 'serious games', 'Facebook', 'game based learning', 'EU project']"
Marc Alier,Barcelona,Universitat Politècnica de Catalunya - Barcelona Tech,"['E-Learning', 'interoperability', 'open standards', 'open source', 'free software', 'LMS', 'Sakai', 'Moodle', 'IMS LTI', 'OKI', 'SOA', 'software as a service']"
Enric Mayol,Barcelona,Universitat Politècnica de Catalunya - Barcelona Tech,"['E-Learning', 'interoperability', 'open standards', 'open source', 'free software', 'LMS', 'Sakai', 'Moodle', 'IMS LTI', 'OKI', 'SOA', 'software as a service']"
Maria Jose Casañ,Barcelona,Universitat Politècnica de Catalunya - Barcelona Tech,"['E-Learning', 'interoperability', 'open standards', 'open source', 'free software', 'LMS', 'Sakai', 'Moodle', 'IMS LTI', 'OKI', 'SOA', 'software as a service']"
Jordi Piguillem,Barcelona,Universitat Politècnica de Catalunya - Barcelona Tech,"['E-Learning', 'interoperability', 'open standards', 'open source', 'free software', 'LMS', 'Sakai', 'Moodle', 'IMS LTI', 'OKI', 'SOA', 'software as a service']"
Jeffrey W. Merriman,Cambridge,Massachusetts Institute of Technology,"['E-Learning', 'interoperability', 'open standards', 'open source', 'free software', 'LMS', 'Sakai', 'Moodle', 'IMS LTI', 'OKI', 'SOA', 'software as a service']"
Miguel Ángel Conde,Salamanca,University of Salamanca,"['E-Learning', 'interoperability', 'open standards', 'open source', 'free software', 'LMS', 'Sakai', 'Moodle', 'IMS LTI', 'OKI', 'SOA', 'software as a service']"
Francisco J. García-Peñalvo,Salamanca,University of Salamanca,"['E-Learning', 'interoperability', 'open standards', 'open source', 'free software', 'LMS', 'Sakai', 'Moodle', 'IMS LTI', 'OKI', 'SOA', 'software as a service']"
Wouter Tebben,Amsterdam,Free Knowledge Institute,"['E-Learning', 'interoperability', 'open standards', 'open source', 'free software', 'LMS', 'Sakai', 'Moodle', 'IMS LTI', 'OKI', 'SOA', 'software as a service']"
Charles Severance,Ann Arbor,University of Michigan,"['E-Learning', 'interoperability', 'open standards', 'open source', 'free software', 'LMS', 'Sakai', 'Moodle', 'IMS LTI', 'OKI', 'SOA', 'software as a service']"
Edmundo Tovar,Madrid,Universidad Politecnica de Madrid,"['OCW', 'OpenCourseWare', 'OER', 'open educational resources', 'semantic web', 'linked data', 'social networks analysis', 'SNA']"
Nelson Piedra,Loja,Universidad Tecnica Particular de Loja,"['OCW', 'OpenCourseWare', 'OER', 'open educational resources', 'semantic web', 'linked data', 'social networks analysis', 'SNA']"
Janneth Chicaiza,Loja,Universidad Tecnica Particular de Loja,"['OCW', 'OpenCourseWare', 'OER', 'open educational resources', 'semantic web', 'linked data', 'social networks analysis', 'SNA']"
Jorge Lopez,Loja,Universidad Tecnica Particular de Loja,"['OCW', 'OpenCourseWare', 'OER', 'open educational resources', 'semantic web', 'linked data', 'social networks analysis', 'SNA']"
Oscar Martinez-Bonastre,Elche,Miguel Hernandez University,"['OCW', 'OpenCourseWare', 'OER', 'open educational resources', 'semantic web', 'linked data', 'social networks analysis', 'SNA']"
Christian Gütl,Graz,Graz University of Technology,[]
David Lizcano,Madrid,Universidad Politécnica de Madrid,"['end-user development', 'end-user software engineering', 'domain experts', 'domain-specific software development', 'ecologies of participation']"
Fernando Alonso,Madrid,Universidad Politécnica de Madrid,"['end-user development', 'end-user software engineering', 'domain experts', 'domain-specific software development', 'ecologies of participation']"
Javier Soriano,Madrid,Universidad Politécnica de Madrid,"['end-user development', 'end-user software engineering', 'domain experts', 'domain-specific software development', 'ecologies of participation']"
Genoveva López,Madrid,Universidad Politécnica de Madrid,"['end-user development', 'end-user software engineering', 'domain experts', 'domain-specific software development', 'ecologies of participation']"
Nadeem Mahmood,Karachi,University of Karachi,"['temporal and fuzzy ontological framework', 'knowledge management systems', 'healthcare systems', 'patient information system', 'temporal and fuzzy database system']"
S. M. Aqil Burney,Karachi,University of Karachi,"['temporal and fuzzy ontological framework', 'knowledge management systems', 'healthcare systems', 'patient information system', 'temporal and fuzzy database system']"
Kamran Ahsan,Stafford,Staffordshire University,"['temporal and fuzzy ontological framework', 'knowledge management systems', 'healthcare systems', 'patient information system', 'temporal and fuzzy database system']"
Jorge Martinez-Gil,Málaga,University of Málaga,"['ontology matching', 'knowledge integration', 'software tools']"
Ismael Navas-Delgado,Málaga,University of Málaga,"['ontology matching', 'knowledge integration', 'software tools']"
Jose F. Aldana-Montes,Málaga,University of Málaga,"['ontology matching', 'knowledge integration', 'software tools']"
Goran Martinovic,Osijek,Josip Juraj Strossmayer University of Osijek,"['benchmark', 'operating system', 'performance evaluation', 'performance measurement', 'Windows 7', 'Windows Vista', 'Windows XP']"
Josip Balen,Osijek,Josip Juraj Strossmayer University of Osijek,"['benchmark', 'operating system', 'performance evaluation', 'performance measurement', 'Windows 7', 'Windows Vista', 'Windows XP']"
Bojan Cukic,Morgantown,West Virginia University,"['benchmark', 'operating system', 'performance evaluation', 'performance measurement', 'Windows 7', 'Windows Vista', 'Windows XP']"
Joaquin Olivares,Cordoba,University of Cordoba,"['video', 'high-speed arithmetics', 'parallel architectures', 'special-purpose and application-based systems']"
Guillermo Vega-Gorgojo,Valladolid,University of Valladolid,"['C.2.4', 'H.3.3', 'K.3.1']"
Eduardo Gómez-Sánchez,Valladolid,University of Valladolid,"['C.2.4', 'H.3.3', 'K.3.1']"
Miguel L. Bote-Lorenzo,Valladolid,University of Valladolid,"['C.2.4', 'H.3.3', 'K.3.1']"
Lorenzo Cantoni,Lugano,Università della Svizzera italiana,[]
Isabella Rega,Lugano,Università della Svizzera italiana,[]
Stefan Minder,Bern,University of Bern,"['text-to-speech', 'TTS', 'e-learning', 'modality effect', 'split attention']"
Michele Notari,Bern,University of Bern,"['text-to-speech', 'TTS', 'e-learning', 'modality effect', 'split attention']"
Felix Schmitz,Bern,University of Bern,"['text-to-speech', 'TTS', 'e-learning', 'modality effect', 'split attention']"
Rainer Hofer,Bern,University of Bern,"['text-to-speech', 'TTS', 'e-learning', 'modality effect', 'split attention']"
Ulrich Woermann,Bern,University of Bern,"['text-to-speech', 'TTS', 'e-learning', 'modality effect', 'split attention']"
Mike Tissenbaum,Toronto,Ontario Institute for Studies in Education,"['future classrooms', 'science education']"
Michelle Lui,Toronto,Ontario Institute for Studies in Education,"['future classrooms', 'science education']"
James D. Slotta,Toronto,Ontario Institute for Studies in Education,"['future classrooms', 'science education']"
Luca Botturi,Locarno,University of Applied Sciences of Southern Switzerland,"['gender', 'digital divide', 'college', 'Switzerland']"
Chiara Bramani,Lugano,University of Lugano,"['gender', 'digital divide', 'college', 'Switzerland']"
Sean McCusker,Durham,Durham University,"['gender', 'digital divide', 'college', 'Switzerland']"
Paolo Ferri,Milan,University of Milan,"['social networks', 'Web 2.0', 'digital natives', 'personal learning environments']"
Andrea Pozzali,Rome,University of Milan,"['social networks', 'Web 2.0', 'digital natives', 'personal learning environments']"
Jue Wang,Genève,University of Geneva,"['foreign language teaching and learning', 'tandem language learning', 'telecollaboration', 'intercultural competence', 'peer-to-peer correction', 'tutoring', 'design-based research']"
Claudia Berger,Genève,University of Geneva,"['foreign language teaching and learning', 'tandem language learning', 'telecollaboration', 'intercultural competence', 'peer-to-peer correction', 'tutoring', 'design-based research']"
Nicolas Szilas,Genève,University of Geneva,"['foreign language teaching and learning', 'tandem language learning', 'telecollaboration', 'intercultural competence', 'peer-to-peer correction', 'tutoring', 'design-based research']"
Isabella Rega,Lugano,Università della Svizzera italiana,"['ICT', 'teacher training', 'self-efficacy', 'quantitative methods', 'qualitative methods', 'disadvantaged contexts', 'ICT4E']"
Francesca Fanni,Lugano,Università della Svizzera italiana,"['ICT', 'teacher training', 'self-efficacy', 'quantitative methods', 'qualitative methods', 'disadvantaged contexts', 'ICT4E']"
Izak van Zyl,Lugano,Università della svizzera italiana,"['home-based healthcare', 'informal learning', 'digital technologies', 'socio-cultural dynamics']"
Retha de la Harpe,Cape Town,Cape Peninsula University of Technology,"['home-based healthcare', 'informal learning', 'digital technologies', 'socio-cultural dynamics']"
Jason J. Jung,Gyeongsan,Yeungnam University,[]
Przemysław Kazienko,Wrocław,Wrocław University of Technology,[]
Qinna Wang,Lyon,Université de Lyon,"['fuzzy community detection', 'overlapping community detection', 'community detection', 'modularity', 'large-scale networks']"
Eric Fleury,Lyon,Université de Lyon,"['fuzzy community detection', 'overlapping community detection', 'community detection', 'modularity', 'large-scale networks']"
John Boaz Lee,Quezon City,University of the Philippines,"['social voter', 'social network analysis', 'logistic regression', 'social influence', 'election analysis']"
Gerard Cabunducan,Quezon City,University of the Philippines,"['social voter', 'social network analysis', 'logistic regression', 'social influence', 'election analysis']"
Francis George C. Cabarle,Quezon City,University of the Philippines,"['social voter', 'social network analysis', 'logistic regression', 'social influence', 'election analysis']"
Raphael Castillo,Quezon City,University of the Philippines,"['social voter', 'social network analysis', 'logistic regression', 'social influence', 'election analysis']"
Jasmine A. Malinao,Quezon City,University of the Philippines,"['social voter', 'social network analysis', 'logistic regression', 'social influence', 'election analysis']"
Onur C. Sert,Ankara,TOBB Economics and Technology University,"['multi-objective clustering', 'NSGA-II', 'h-confidence']"
Kayhan Dursun,Ankara,TOBB Economics and Technology University,"['multi-objective clustering', 'NSGA-II', 'h-confidence']"
Tansel Özyer,Ankara,TOBB Economics and Technology University,"['multi-objective clustering', 'NSGA-II', 'h-confidence']"
Jamal Jida,Tripoli,Lebanese University,"['multi-objective clustering', 'NSGA-II', 'h-confidence']"
Reda Alhajj,Calgary,University of Calgary,"['multi-objective clustering', 'NSGA-II', 'h-confidence']"
Joo Young Lee,Syracuse,Syracuse University,"['social network', 'reputation management', 'community analysis', 'computer security']"
Yue Duan,Syracuse,Syracuse University,"['social network', 'reputation management', 'community analysis', 'computer security']"
Jae C. Oh,Syracuse,Syracuse University,"['social network', 'reputation management', 'community analysis', 'computer security']"
Wenliang Du,Syracuse,Syracuse University,"['social network', 'reputation management', 'community analysis', 'computer security']"
Howard Blair,Syracuse,Syracuse University,"['social network', 'reputation management', 'community analysis', 'computer security']"
Lusha Wang,Syracuse,Syracuse University,"['social network', 'reputation management', 'community analysis', 'computer security']"
Xing Jin,Syracuse,Syracuse University,"['social network', 'reputation management', 'community analysis', 'computer security']"
I-Hsing Ting,Kaohsiung,National University of Kaohsiung,"['social networks analysis', 'social recommendation system', 'microblogs', 'target marketing']"
Pei Shan Chang,Kaohsiung,National University of Kaohsiung,"['social networks analysis', 'social recommendation system', 'microblogs', 'target marketing']"
Shyue-Liang Wang,Kaohsiung,National University of Kaohsiung,"['social networks analysis', 'social recommendation system', 'microblogs', 'target marketing']"
Anna Zygmunt,Kraków,AGH University of Science and Technology,"['social network', 'social network analysis', 'SNA', 'social community extraction', 'social group', 'persistent group', 'stable social group', 'key person', 'role identification', 'blogosphere', 'CPM', 'fast modularity optimization', 'node position']"
Piotr Bródka,Wrocław,Wrocław University of Technology,"['social network', 'social network analysis', 'SNA', 'social community extraction', 'social group', 'persistent group', 'stable social group', 'key person', 'role identification', 'blogosphere', 'CPM', 'fast modularity optimization', 'node position']"
Przemysław Kazienko,Wrocław,Wrocław University of Technology,"['social network', 'social network analysis', 'SNA', 'social community extraction', 'social group', 'persistent group', 'stable social group', 'key person', 'role identification', 'blogosphere', 'CPM', 'fast modularity optimization', 'node position']"
Jarosław Koźlak,Kraków,AGH University of Science and Technology,"['social network', 'social network analysis', 'SNA', 'social community extraction', 'social group', 'persistent group', 'stable social group', 'key person', 'role identification', 'blogosphere', 'CPM', 'fast modularity optimization', 'node position']"
Christian Gütl,Graz,Graz University of Technology,[]
Grzegorz Chmaj,Wrocław,Wrocław University of Technology,"['computing systems', 'P2P', 'unicast', 'anycast', 'networks', 'simulation']"
Krzysztof Walkowiak,Wrocław,Wrocław University of Technology,"['computing systems', 'P2P', 'unicast', 'anycast', 'networks', 'simulation']"
Ismael Hasan,Coruña,University of a Coruña,"['PDF', 'text preprocessing', 'text extraction', 'ordered text extraction', 'text mining', 'evaluation']"
Javier Parapar,Coruña,University of a Coruña,"['PDF', 'text preprocessing', 'text extraction', 'ordered text extraction', 'text mining', 'evaluation']"
Álvaro Barreiro,Coruña,University of a Coruña,"['PDF', 'text preprocessing', 'text extraction', 'ordered text extraction', 'text mining', 'evaluation']"
Jong Wook Kim,El Segundo,Teradata Corporation,"['Wikipedia', 'concept', 'semantic interpretation']"
Ashwin Kashyap,Palo Alto,Technicolor,"['Wikipedia', 'concept', 'semantic interpretation']"
Sandilya Bhamidipati,Palo Alto,Technicolor,"['Wikipedia', 'concept', 'semantic interpretation']"
Ahmed Nait-Sidi-Moh,Saint Quentin,Université de Picardie Jules Verne,"['web service access control', 'electronic exchanges', 'modeling', 'evaluation and simulation', 'dimensioning and improvement', 'Petri nets and (max', ' +)-algebra']"
Mohamed Bakhouya,Helsinki,Aalto University,"['web service access control', 'electronic exchanges', 'modeling', 'evaluation and simulation', 'dimensioning and improvement', 'Petri nets and (max', ' +)-algebra']"
Wafaa Ait-Cheik-Bihi,Strasbourg,Université de Strasbourg,"['web service access control', 'electronic exchanges', 'modeling', 'evaluation and simulation', 'dimensioning and improvement', 'Petri nets and (max', ' +)-algebra']"
Jaafar Gaber,Belfort,Université de Technologie de Belfort Montbéliard,"['web service access control', 'electronic exchanges', 'modeling', 'evaluation and simulation', 'dimensioning and improvement', 'Petri nets and (max', ' +)-algebra']"
Mabel Vazquez-Briseno,Ensenada,UABC,"['mobile computing', 'mobile information systems', 'software', 'mobile devices', 'multimedia']"
Pierre Vincent,Lille,MobKit,"['mobile computing', 'mobile information systems', 'software', 'mobile devices', 'multimedia']"
Juan Ivan Nieto-Hipolito,Ensenada,UABC,"['mobile computing', 'mobile information systems', 'software', 'mobile devices', 'multimedia']"
Juan de Dios Sanchez-Lopez,Ensenada,UABC,"['mobile computing', 'mobile information systems', 'software', 'mobile devices', 'multimedia']"
David G. Rosado,Ciudad Real,University of Castilla-La Mancha,[]
Luis Enrique Sánchez,Ciudad Real,Sicaman-NT,[]
Eduardo Fernández-Medina,Dortmund,niversity of Castilla-La Mancha,[]
Hannes Holm,Stockholm,Royal Institute of Technology,"['cyber security', 'remote code execution', 'software vulnerabilities']"
Teodor Sommestad,Stockholm,Royal Institute of Technology,"['cyber security', 'remote code execution', 'software vulnerabilities']"
Ulrik Franke,Stockholm,Royal Institute of Technology,"['cyber security', 'remote code execution', 'software vulnerabilities']"
Mathias Ekstedt,Stockholm,Royal Institute of Technology,"['cyber security', 'remote code execution', 'software vulnerabilities']"
Ickin Vural,Pretoria,University of Pretoria,"['Botnet', 'mobile', 'malware', 'computational intelligence', 'artificial immune system']"
Hein S. Venter,Pretoria,University of Pretoria,"['Botnet', 'mobile', 'malware', 'computational intelligence', 'artificial immune system']"
Pattama Charuenporn,Bangkok,King Mongkut's Institute of Technology Ladkrabang,"['quality of service', 'ITIL', 'COBIT', 'security metrics and measurement', 'security for web service']"
Sarun Intakosum,Bangkok,King Mongkut's Institute of Technology Ladkrabang,"['quality of service', 'ITIL', 'COBIT', 'security metrics and measurement', 'security for web service']"
Oscar Rebollo,Madrid,Ministry of Labour and Immigration,"['information security governance', 'cloud computing', 'systematic literature review']"
Daniel Mellado,Ciudad Real,University of Castilla-La Mancha,"['information security governance', 'cloud computing', 'systematic literature review']"
Eduardo Fernández-Medina,Ciudad Real,University of Castilla-La Mancha,"['information security governance', 'cloud computing', 'systematic literature review']"
Raimundas Matulevičius,Tartu,University of Tartu,"['risk management', 'information system', 'security', 'secure tropos', 'syntax and semantics of modelling language']"
Haralambos Mouratidis,London,University of East London,"['risk management', 'information system', 'security', 'secure tropos', 'syntax and semantics of modelling language']"
Nicolas Mayer,Luxembourg,CRP Henri Tudor,"['risk management', 'information system', 'security', 'secure tropos', 'syntax and semantics of modelling language']"
Eric Dubois,Luxembourg,CRP Henri Tudor,"['risk management', 'information system', 'security', 'secure tropos', 'syntax and semantics of modelling language']"
Patrick Heymans,Namur,University of Namur,"['risk management', 'information system', 'security', 'secure tropos', 'syntax and semantics of modelling language']"
Carla-Lee Botha,Pretoria,University of South Africa,"['information security awareness', 'online banking', 'home users', 'legislation', 'best practice', 'South Africa']"
Elmarie Kritzinger,Pretoria,University of South Africa,"['information security awareness', 'online banking', 'home users', 'legislation', 'best practice', 'South Africa']"
Marianne Loock,Pretoria,University of South Africa,"['information security awareness', 'online banking', 'home users', 'legislation', 'best practice', 'South Africa']"
Jezabel Molina-Gil,Tenerife,University of La Laguna,"['VANETs', 'cooperation', 'self-management', 'security', 'misbehaviour', 'ITS']"
Pino Caballero-Gil,Tenerife,University of La Laguna,"['VANETs', 'cooperation', 'self-management', 'security', 'misbehaviour', 'ITS']"
Cándido Caballero-Gil,Tenerife,University of La Laguna,"['VANETs', 'cooperation', 'self-management', 'security', 'misbehaviour', 'ITS']"
Saïd Gharout,Caen,Orange Labs - France Telecom,"['confidentiality', 'key management', 'group communication', 'mobility']"
Abdelmadjid Bouabdallah,Compiègne,University of Technology of Compiègne,"['confidentiality', 'key management', 'group communication', 'mobility']"
Yacine Challal,Compiègne,University of Technology of Compiègne,"['confidentiality', 'key management', 'group communication', 'mobility']"
Mohammed Achemlal,Caen,Orange Labs - France Telecom,"['confidentiality', 'key management', 'group communication', 'mobility']"
Nadia Nedjah,Rio de Janeiro,State University of Rio de Janeiro,[]
Luiza de Macedo Mourelle,Rio de Janeiro,State University of Rio de Janeiro,[]
Freddy Bolanos,Medellin,Universidad Nacional de Colombia,"['multiprocessor-system-on-chip (MPSoC)', 'network-on-chip (NoC)', 'population-based incremental learning (PBIL)', 'computer-aided design (CAD)']"
Jose Edison Aedo,Medellin,Universidad de Antioquia,"['multiprocessor-system-on-chip (MPSoC)', 'network-on-chip (NoC)', 'population-based incremental learning (PBIL)', 'computer-aided design (CAD)']"
Fredy Rivera,Medellin,Universidad de Antioquia,"['multiprocessor-system-on-chip (MPSoC)', 'network-on-chip (NoC)', 'population-based incremental learning (PBIL)', 'computer-aided design (CAD)']"
Nader Bagherzadeh,Irvine,"University of California, Irvine","['multiprocessor-system-on-chip (MPSoC)', 'network-on-chip (NoC)', 'population-based incremental learning (PBIL)', 'computer-aided design (CAD)']"
Luneque Silva Junior,Rio de Janeiro,State University of Rio de Janeiro,"['network-on-chip', 'packet routing', 'ant colony optimization']"
Nadia Nedjah,Rio de Janeiro,State University of Rio de Janeiro,"['network-on-chip', 'packet routing', 'ant colony optimization']"
Luiza de Macedo Mourelle,Rio de Janeiro,State University of Rio de Janeiro,"['network-on-chip', 'packet routing', 'ant colony optimization']"
Maurizio Palesi,Enna,Kore University,"['networks-on-chip', 'topological mapping', 'multi-objective optimization', 'routing algorithm', 'genetic algorithm', 'fault-tolerance', 'performance analysis']"
Rafael Tornero,Valencia,Universidad de Valencia,"['networks-on-chip', 'topological mapping', 'multi-objective optimization', 'routing algorithm', 'genetic algorithm', 'fault-tolerance', 'performance analysis']"
Juan Manuel Orduñna,Valencia,Universidad de Valencia,"['networks-on-chip', 'topological mapping', 'multi-objective optimization', 'routing algorithm', 'genetic algorithm', 'fault-tolerance', 'performance analysis']"
Vincenzo Catania,Catania,University of Catania,"['networks-on-chip', 'topological mapping', 'multi-objective optimization', 'routing algorithm', 'genetic algorithm', 'fault-tolerance', 'performance analysis']"
Daniela Panno,Catania,University of Catania,"['networks-on-chip', 'topological mapping', 'multi-objective optimization', 'routing algorithm', 'genetic algorithm', 'fault-tolerance', 'performance analysis']"
Jason J. Jung,Gyeongsan,Yeungnam University,[]
Przemysław Kazienko,Wrocław,Wrocław University of Technology,[]
Wilas Chamlertwat,Bangkok,Chulalongkorn University,"['micro-blog', 'sentiment analysis', 'natural language processing', 'information extraction', 'information visualization']"
Pattarasinee Bhattarakosol,Bangkok,Chulalongkorn University,"['micro-blog', 'sentiment analysis', 'natural language processing', 'information extraction', 'information visualization']"
Tippakorn Rungkasiri,Bangkok,Chulalongkorn University,"['micro-blog', 'sentiment analysis', 'natural language processing', 'information extraction', 'information visualization']"
Choochart Haruechaiyasak,Pathumthani,National Electronics and Computer Technology Center,"['micro-blog', 'sentiment analysis', 'natural language processing', 'information extraction', 'information visualization']"
Mahalakshmi G. Suryanarayanan,Chennai,Anna University,"['fuzzy cognitive maps', 'knowledge networks']"
Dilip S. Sam,Chennai,Anna University,"['fuzzy cognitive maps', 'knowledge networks']"
Sendhilkumar Selvaraju,Chennai,Anna University,"['fuzzy cognitive maps', 'knowledge networks']"
Xuan Hau Pham,Gyeongsan,Yeungnam University,"['social pulse', 'social tagging', 'information propagation', 'inducibility']"
Jason J. Jung,Gyeongsan,Yeungnam University,"['social pulse', 'social tagging', 'information propagation', 'inducibility']"
Dosam Hwang,Gyeongsan,Yeungnam University,"['social pulse', 'social tagging', 'information propagation', 'inducibility']"
Ting Ting Qin,Hiroshima,Hiroshima University,"['P2P system', 'text clustering', 'automatic tag attachment', 'K-DMeans', 'TFIDCF']"
Satoshi Fujita,Hiroshima,Hiroshima University,"['P2P system', 'text clustering', 'automatic tag attachment', 'K-DMeans', 'TFIDCF']"
Victor Ströele,Rio de Janeiro,Federal University of Rio de Janeiro,"['knowledge flow', 'Multi-relational Scientific Social Network Analysis', 'Max Flow Grouping Algorithm', 'weighted relationships']"
Geraldo Zimbrão,Rio de Janeiro,Federal University of Rio de Janeiro,"['knowledge flow', 'Multi-relational Scientific Social Network Analysis', 'Max Flow Grouping Algorithm', 'weighted relationships']"
Jano M. Souza,Rio de Janeiro,Federal University of Rio de Janeiro,"['knowledge flow', 'Multi-relational Scientific Social Network Analysis', 'Max Flow Grouping Algorithm', 'weighted relationships']"
Daqiang Zhang,Nanjing,Nanjing Normal University,[]
Huansheng Ning,Beijing,Beihang University,[]
Kevin S. Xu,Changzhou,Changzhou University,[]
Feiyu Lin,Jönköping,Jönköping University,[]
Laurence T. Yang,Vancouver,St. Francis Xavier University,[]
Hongyu Huang,Chongqing,Chongqing University,"['Vehicular Ad Hoc Network', 'Mobility Model', 'Taxi GPS Data']"
Daqiang Zhang,Nanjing,Nanjing Normal University,"['Vehicular Ad Hoc Network', 'Mobility Model', 'Taxi GPS Data']"
Yanmin Zhu,Shanghai,Shanghai Jiao Tong University,"['Vehicular Ad Hoc Network', 'Mobility Model', 'Taxi GPS Data']"
Minglu Li,Shanghai,Shanghai Jiao Tong University,"['Vehicular Ad Hoc Network', 'Mobility Model', 'Taxi GPS Data']"
Min-You Wu,Shanghai,Shanghai Jiao Tong University,"['Vehicular Ad Hoc Network', 'Mobility Model', 'Taxi GPS Data']"
Feiyu Lin,Changzhou,Changzhou University,"['Internet of Things', 'context-aware computing', 'ontology matching']"
Kurt Sandkuhl,Rostock,Rostock University,"['Internet of Things', 'context-aware computing', 'ontology matching']"
Shoukun Xu,Changzhou,Changzhou University,"['Internet of Things', 'context-aware computing', 'ontology matching']"
Huansheng Ning,Beijing,Beihang University,"['Internet of things', 'security', 'authentication protocol', 'directed path']"
Hong Liu,Beijing,Beihang University,"['Internet of things', 'security', 'authentication protocol', 'directed path']"
Qing Liu,Nanjing,Nanjing Normal University,"['Internet of things', 'security', 'authentication protocol', 'directed path']"
Genlin Ji,Nanjing,Nanjing Normal University,"['Internet of things', 'security', 'authentication protocol', 'directed path']"
Jian Chen,Tokorozawa,Waseda University,[]
Qun Jin,Tokorozawa,Waseda University,[]
Runhe Huang,Tokyo,Hosei University,[]
Bratislav Predic,Nis,University of Nis,"['traffic information systems', 'extended floating car data', 'accelerometer data', 'vehicle tracking']"
Dragan Stojanovic,Nis,University of Nis,"['traffic information systems', 'extended floating car data', 'accelerometer data', 'vehicle tracking']"
Xingang Liu,Chengdu,University of Electronic Science and Technology of China,"['wireless multimedia sensor', 'H.264/AVC', 'intraframe coding', 'complexity']"
Jiantan Liu,Kyungsan,Yeungnam University,"['wireless multimedia sensor', 'H.264/AVC', 'intraframe coding', 'complexity']"
Kook-Yeol Yoo,Kyungsan,Yeungnam University,"['wireless multimedia sensor', 'H.264/AVC', 'intraframe coding', 'complexity']"
Haengrae Cho,Kyungsan,Yeungnam University,"['wireless multimedia sensor', 'H.264/AVC', 'intraframe coding', 'complexity']"
Qiang Liu,Beijing,Beijing Jiaotong University,"['IEEE 802.16e', 'mobile WiMAX', 'railway', 'network planning']"
Min Chen,Seoul,Seoul National University,"['IEEE 802.16e', 'mobile WiMAX', 'railway', 'network planning']"
Jie Zhang,Beijing,Beijing Jiaotong University,"['IEEE 802.16e', 'mobile WiMAX', 'railway', 'network planning']"
Bingwen Shen,Beijing,Beijing Jiaotong University,"['IEEE 802.16e', 'mobile WiMAX', 'railway', 'network planning']"
Zhong Chu,Beijing,Beijing Jiaotong University,"['IEEE 802.16e', 'mobile WiMAX', 'railway', 'network planning']"
Xiaojun Qian,Nanjing,Nanjing Normal University,"['Internet of Things', 'mobile computing', 'security', 'elliptic curve cryptography']"
Xiaoping Che,Paris,Evry University,"['Internet of Things', 'mobile computing', 'security', 'elliptic curve cryptography']"
Christian Gütl,Graz,Graz University of Technology,[]
Robert Bucki,Bielsko-Biała,The College of Informatics and Management in Bielsko-Biała,[]
Petr Suchanek,Opava,Silesian University in Opava,[]
Marijana Despotović-Zrakić,Belgrade,University of Belgrade,"['Web-based simulation', 'learning simulation', 'simulation model web repository', 'discrete event simulation', 'e-learning system', 'Moodle']"
Dusan Barać,Belgrade,University of Belgrade,"['Web-based simulation', 'learning simulation', 'simulation model web repository', 'discrete event simulation', 'e-learning system', 'Moodle']"
Zorica Bogdanović,Belgrade,University of Belgrade,"['Web-based simulation', 'learning simulation', 'simulation model web repository', 'discrete event simulation', 'e-learning system', 'Moodle']"
Branislav Jovanić,Belgrade,University of Belgrade,"['Web-based simulation', 'learning simulation', 'simulation model web repository', 'discrete event simulation', 'e-learning system', 'Moodle']"
Božidar Radenković,Belgrade,University of Belgrade,"['Web-based simulation', 'learning simulation', 'simulation model web repository', 'discrete event simulation', 'e-learning system', 'Moodle']"
Rafael Duque,Santander,University of Cantabria,"['computer-supported learning environments', 'analysis of problem-solving activities', 'model-driven development', 'visual languages']"
Lars Bollen,Enschede,University of Twente,"['computer-supported learning environments', 'analysis of problem-solving activities', 'model-driven development', 'visual languages']"
Anjo Anjewierden,Enschede,University of Twente,"['computer-supported learning environments', 'analysis of problem-solving activities', 'model-driven development', 'visual languages']"
Crescencio Bravo,Ciudad Real,University of Castilla-La Mancha,"['computer-supported learning environments', 'analysis of problem-solving activities', 'model-driven development', 'visual languages']"
Jens Hellmers,Bremen,University of Bremen,"['usability engineering', 'user experience questionnaire UEQ', 'Kano model']"
Jörg Thomaschewski,Emden,University of Applied Sciences Emden/Leer,"['usability engineering', 'user experience questionnaire UEQ', 'Kano model']"
Eva-Maria Holt,Ratingen,(SEVEN PRINCIPLES,"['usability engineering', 'user experience questionnaire UEQ', 'Kano model']"
Thomas Wriedt,Bremen,University of Bremen,"['usability engineering', 'user experience questionnaire UEQ', 'Kano model']"
Marija Jovic,Belgrade,University of Belgrade,"['online product presentation', 'e-commerce', 'multimedia presentation']"
Dusan Milutinovic,Belgrade,Hemofarm Group,"['online product presentation', 'e-commerce', 'multimedia presentation']"
Anton Kos,Ljubljana,University of Ljubljana,"['online product presentation', 'e-commerce', 'multimedia presentation']"
Saso Tomazic,Ljubljana,University of Ljubljana,"['online product presentation', 'e-commerce', 'multimedia presentation']"
Ester Martínez-Martín,Castellón,Jaume-I University,"['qualitative models', 'comonsense reasoning', 'spatial reasoning']"
M. Teresa Escrig,Castellón,Jaume-I University,"['qualitative models', 'comonsense reasoning', 'spatial reasoning']"
Angel P. del Pobil,Castellón,Jaume-I University,"['qualitative models', 'comonsense reasoning', 'spatial reasoning']"
Cao Mukun,Xiamen,Xiamen University,"['automated negotiation', 'negotiation agent', 'multi-agent system', 'belief-desire-intention model', 'agent architecture', 'risk taking']"
Melody Y. Kiang,Long Beach,California State University,"['automated negotiation', 'negotiation agent', 'multi-agent system', 'belief-desire-intention model', 'agent architecture', 'risk taking']"
Francisco J. García-Peñalvo,Salamanca,University of Salamanca,[]
Marc Alier Forment,Barcelona,UPC Universitat Politècnica de Catalunya Barcelona-Tech,[]
Miltiadis D. Lytras,Gerakas,The American College of Greece,[]
Jordán Pascual Espada,Oviedo,University of Oviedo,"['Web applications', 'Web services', 'Web browser', 'Mobile devices', 'smartphone']"
Oscar Sanjuán Martínez,Madrid,University Carlos III of Madrid,"['Web applications', 'Web services', 'Web browser', 'Mobile devices', 'smartphone']"
B. Cristina Pelayo G-Bustelo,Oviedo,University of Oviedo,"['Web applications', 'Web services', 'Web browser', 'Mobile devices', 'smartphone']"
Juan Manuel Cueva Lovelle,Oviedo,University of Oviedo,"['Web applications', 'Web services', 'Web browser', 'Mobile devices', 'smartphone']"
Patricia Ordóñez de Pablos,Oviedo,University of Oviedo,"['Web applications', 'Web services', 'Web browser', 'Mobile devices', 'smartphone']"
David Griffiths,Bolton,University of Bolton,"['Interoperability', 'Wookie', 'Widget', 'specification', 'W3C', 'Apache', 'IMS Learning Design', 'Mobile', 'Mash-up', 'personal learning environment']"
Mark Johnson,Bolton,University of Bolton,"['Interoperability', 'Wookie', 'Widget', 'specification', 'W3C', 'Apache', 'IMS Learning Design', 'Mobile', 'Mash-up', 'personal learning environment']"
Kris Popat,Bolton,University of Bolton,"['Interoperability', 'Wookie', 'Widget', 'specification', 'W3C', 'Apache', 'IMS Learning Design', 'Mobile', 'Mash-up', 'personal learning environment']"
Paul Sharples,Bolton,University of Bolton,"['Interoperability', 'Wookie', 'Widget', 'specification', 'W3C', 'Apache', 'IMS Learning Design', 'Mobile', 'Mash-up', 'personal learning environment']"
Scott Wilson,Bolton,University of Bolton,"['Interoperability', 'Wookie', 'Widget', 'specification', 'W3C', 'Apache', 'IMS Learning Design', 'Mobile', 'Mash-up', 'personal learning environment']"
Ricardo Queirós,Porto,CRACS & INESC-Porto LA & DI-ESEIG/IPP,"['e-Learning', 'interoperability', 'service oriented architectures']"
José Paulo Leal,Porto,University of Porto,"['e-Learning', 'interoperability', 'service oriented architectures']"
Marc Alier Forment,Barcelona,UPC Universitat Politècnica de Catalunya Barcelona-Tech,"['LMS', 'Google Docs', 'interoperability', 'eLearning', 'software as a service', 'cloud computing', 'VLE', 'PLE']"
María José Casany,Barcelona,UPC Universitat Politècnica de Catalunya Barcelona-Tech,"['LMS', 'Google Docs', 'interoperability', 'eLearning', 'software as a service', 'cloud computing', 'VLE', 'PLE']"
Enric Mayol,Barcelona,UPC Universitat Politècnica de Catalunya Barcelona-Tech,"['LMS', 'Google Docs', 'interoperability', 'eLearning', 'software as a service', 'cloud computing', 'VLE', 'PLE']"
Jordi Piguillem,Barcelona,UPC Universitat Politècnica de Catalunya Barcelona-Tech,"['LMS', 'Google Docs', 'interoperability', 'eLearning', 'software as a service', 'cloud computing', 'VLE', 'PLE']"
Nikolas Galanis,Salamanca,UPC Universitat Politècnica de Catalunya Barcelona-Tech,"['LMS', 'Google Docs', 'interoperability', 'eLearning', 'software as a service', 'cloud computing', 'VLE', 'PLE']"
Francisco J. García-Peñalvo,Salamanca,(USAL Universidad de Salamanca,"['LMS', 'Google Docs', 'interoperability', 'eLearning', 'software as a service', 'cloud computing', 'VLE', 'PLE']"
Anton Joha,London,EquaTerra,"['cloud computing', 'SaaS', 'software as a Service', 'business model', 'design choices', 'sourcing']"
Marijn Janssen,Delft,Delft University of Technology,"['cloud computing', 'SaaS', 'software as a Service', 'business model', 'design choices', 'sourcing']"
Yung Bok Kim,Seoul,Sejong University,"['Social Web', 'name card', 'QoS', 'utilization level', 'serviceability', 'cloud', 'SNS']"
Ricardo Colomo-Palacios,Madrid,Universidad Carlos III de Madrid,"['information systems development', 'cloud computing', 'software as a service', 'software vendors']"
Eduardo Fernandes,Sao Paulo,Meta4,"['information systems development', 'cloud computing', 'software as a service', 'software vendors']"
Marc Sabbagh,Asnières sur Seine,Universidad Carlos III de Madrid,"['information systems development', 'cloud computing', 'software as a service', 'software vendors']"
Miloš Milovanović,Belgrade,University of Belgrade,"['interoperability', 'multimodal biometry', 'open source', 'framework', 'security']"
Miroslav Minović,Belgrade,University of Belgrade,"['interoperability', 'multimodal biometry', 'open source', 'framework', 'security']"
Starčević Dušan,Belgrade,University of Belgrade,"['interoperability', 'multimodal biometry', 'open source', 'framework', 'security']"
Miguel García Rodríguez,Oviedo,University of Oviedo,"['service-oriented architectures', 'web services', 'cloud computing', 'semantic web', 'ontologies', 'data grounding', 'semantic web services', 'interoperability', 'mapping languages']"
Jose María Alvarez Rodríguez,Oviedo,University of Oviedo,"['service-oriented architectures', 'web services', 'cloud computing', 'semantic web', 'ontologies', 'data grounding', 'semantic web services', 'interoperability', 'mapping languages']"
Diego Berrueta Muñoz,Gijon,Fundacion CTIC,"['service-oriented architectures', 'web services', 'cloud computing', 'semantic web', 'ontologies', 'data grounding', 'semantic web services', 'interoperability', 'mapping languages']"
Luis Polo Paredes,Gijon,Fundacion CTIC,"['service-oriented architectures', 'web services', 'cloud computing', 'semantic web', 'ontologies', 'data grounding', 'semantic web services', 'interoperability', 'mapping languages']"
Jose Emilio Labra Gayo,Oviedo,University of Oviedo,"['service-oriented architectures', 'web services', 'cloud computing', 'semantic web', 'ontologies', 'data grounding', 'semantic web services', 'interoperability', 'mapping languages']"
Patricia Ordóñez de Pablos,Oviedo,University of Oviedo,"['service-oriented architectures', 'web services', 'cloud computing', 'semantic web', 'ontologies', 'data grounding', 'semantic web services', 'interoperability', 'mapping languages']"
Daniel Mellado,Madrid,Rey Juan Carlos University,[]
David G. Rosado,Ciudad Real,University of Castilla-La Mancha,[]
Haralambos Mouratidis,London,University of East London,"['security', 'privacy', 'constraints', 'goal modelling', 'meta-model']"
Christos Kalloniatis,Mytilene,University of the Aegean,"['security', 'privacy', 'constraints', 'goal modelling', 'meta-model']"
Shareeful Islam,London,University of East London,"['security', 'privacy', 'constraints', 'goal modelling', 'meta-model']"
Marc-Philippe Huget,Annecy-Chambéry,University of Savoie,"['security', 'privacy', 'constraints', 'goal modelling', 'meta-model']"
Stefanos Gritzalis,Mytilene,University of the Aegean,"['security', 'privacy', 'constraints', 'goal modelling', 'meta-model']"
Rahul Rastogi,Port Elizabeth,Nelson Mandela Metropolitan University,"['information security service culture', 'ISSC', 'Information security culture', 'culture', 'information security management']"
Rossouw von Solms,Port Elizabeth,Nelson Mandela Metropolitan University,"['information security service culture', 'ISSC', 'Information security culture', 'culture', 'information security management']"
Pedro Martinez-Julia,Murcia,University of Murcia,"['Next Generation Internet', 'identity', 'privacy', 'overlay networks']"
Antonio F. Gómez-Skarmeta,Murcia,University of Murcia,"['Next Generation Internet', 'identity', 'privacy', 'overlay networks']"
Thijs Baars,Utrecht,Utrecht University,"['SeCA model', 'cloud security', 'cloud computing', 'case study', 'information security']"
Marco Spruit,Utrecht,Utrecht University,"['SeCA model', 'cloud security', 'cloud computing', 'case study', 'information security']"
Reijo M. Savola,Oulu,VTT Technical Research Centre of Finland,"['security metrics', 'risk analysis', 'agile SW development']"
Christian Frühwirth,Espoo,Aalto University,"['security metrics', 'risk analysis', 'agile SW development']"
Ari Pietikäinen,Kirkkonummi,Ericsson Finland,"['security metrics', 'risk analysis', 'agile SW development']"
Ismael Caballero,Ciudad Real,University of Castilla-La Mancha,"['Health Management Information System (HMIS or HIS)', 'quality health information', 'security health information', 'software engineering', 'security', 'quality', 'HIS', 'Personal Health Record (PHR)', 'ElectroniccHealth Record (EHR)']"
Luis Enrique Sánchez,Ciudad Real,SICAMAN NT.,"['Health Management Information System (HMIS or HIS)', 'quality health information', 'security health information', 'software engineering', 'security', 'quality', 'HIS', 'Personal Health Record (PHR)', 'ElectroniccHealth Record (EHR)']"
Alberto Freitas,Porto,Universidade do Porto,"['Health Management Information System (HMIS or HIS)', 'quality health information', 'security health information', 'software engineering', 'security', 'quality', 'HIS', 'Personal Health Record (PHR)', 'ElectroniccHealth Record (EHR)']"
Eduardo Fernández-Medina,Ciudad Real,University of Castilla-La Mancha,"['Health Management Information System (HMIS or HIS)', 'quality health information', 'security health information', 'software engineering', 'security', 'quality', 'HIS', 'Personal Health Record (PHR)', 'ElectroniccHealth Record (EHR)']"
Sipho Ngobeni,Pretoria,Council for Scientific and Industrial Research,"['wireless local area network', 'digital forensics', 'digital forensic readiness', 'access point', 'digital forensic process', 'cyber forensic experts', 'hash value', 'digital evidence', 'traffic']"
Hein Venter,Pretoria,University of Pretoria,"['wireless local area network', 'digital forensics', 'digital forensic readiness', 'access point', 'digital forensic process', 'cyber forensic experts', 'hash value', 'digital evidence', 'traffic']"
Ivan Burke,Pretoria,Council for Scientific and Industrial Research,"['wireless local area network', 'digital forensics', 'digital forensic readiness', 'access point', 'digital forensic process', 'cyber forensic experts', 'hash value', 'digital evidence', 'traffic']"
Lin Ding,Zhengzhou,Information Science and Technology Institute,"['cryptanalysis', 'related-key attack', 'distinguishing attack', 'Py-family of stream ciphers', 'TRCR-32', 'TRCR-64']"
Jie Guan,Zhengzhou,Information Science and Technology Institute,"['cryptanalysis', 'related-key attack', 'distinguishing attack', 'Py-family of stream ciphers', 'TRCR-32', 'TRCR-64']"
Wen-long Sun,Zhengzhou,Information Science and Technology Institute,"['cryptanalysis', 'related-key attack', 'distinguishing attack', 'Py-family of stream ciphers', 'TRCR-32', 'TRCR-64']"
Atulya K. Nagar,Liverpool,Liverpool Hope University,[]
T. Robinson,Chennai,Madras Christian College,[]
Susan Elias,Chennai,Sri Venkateswara College of Engineering,"['membrane computing', 'distributed P systems', 'particle swarm optimisation', 'cross layer optimisation']"
Vanaja Gokul,Chennai,Sri Venkateswara College of Engineering,"['membrane computing', 'distributed P systems', 'particle swarm optimisation', 'cross layer optimisation']"
Kamala Krithivasan,Chennai,Indian Institute of Technology Madras,"['membrane computing', 'distributed P systems', 'particle swarm optimisation', 'cross layer optimisation']"
Marian Gheorghe,Sheffield,University of Sheffield,"['membrane computing', 'distributed P systems', 'particle swarm optimisation', 'cross layer optimisation']"
Gexiang Zhang,Sichuan,Southwest Jiaotong University,"['membrane computing', 'distributed P systems', 'particle swarm optimisation', 'cross layer optimisation']"
Yunyun Niu,Wuhan,Huazhong University of Science and Technology,"['membrane computing', 'P system', 'shuffle on trajectories', 'picture language']"
Jinbang Xu,Wuhan,Huazhong University of Science and Technology,"['membrane computing', 'P system', 'shuffle on trajectories', 'picture language']"
K.G. Subramanian,Penang,Universiti Sains Malaysia,"['membrane computing', 'P system', 'shuffle on trajectories', 'picture language']"
Rosni Abdullah,Penang,Universiti Sains Malaysia,"['membrane computing', 'P system', 'shuffle on trajectories', 'picture language']"
A.S. Prasanna Venkatesan,Chennai,B.S. Abdur Rahman University,"['membrane computing', 'P system', 'array languages', 'shuffle on trajectories']"
D.G. Thomas,India,Madras Christian College,"['membrane computing', 'P system', 'array languages', 'shuffle on trajectories']"
T. Robinson,Liverpool,Madras Christian College,"['membrane computing', 'P system', 'array languages', 'shuffle on trajectories']"
Gexiang Zhang,Chengdu,Southwest Jiaotong University,"['membrane computing', 'membrane algorithm', 'broadcasting problem', 'particle swarm optimization', 'membrane systems']"
Fen Zhou,Chengdu,Southwest Jiaotong University,"['membrane computing', 'membrane algorithm', 'broadcasting problem', 'particle swarm optimization', 'membrane systems']"
Xiaoli Huang,Chengdu,Southwest Jiaotong University,"['membrane computing', 'membrane algorithm', 'broadcasting problem', 'particle swarm optimization', 'membrane systems']"
Jixiang Cheng,Chengdu,Southwest Jiaotong University,"['membrane computing', 'membrane algorithm', 'broadcasting problem', 'particle swarm optimization', 'membrane systems']"
Marian Gheorghe,Sheffield,University of Sheffield,"['membrane computing', 'membrane algorithm', 'broadcasting problem', 'particle swarm optimization', 'membrane systems']"
Florentin Ipate,Pitesti,University of Pitesti,"['membrane computing', 'membrane algorithm', 'broadcasting problem', 'particle swarm optimization', 'membrane systems']"
Raluca Lefticaru,Pitesti,University of Pitesti,"['membrane computing', 'membrane algorithm', 'broadcasting problem', 'particle swarm optimization', 'membrane systems']"
Kusum Deep,Roorkee,Indian Institute of Technology Roorkee,"['Particle Swarm optimization', 'economic dispatch', 'Laplace Crossover', 'Quadratic Approximation Particle Swarm optimization']"
Jagdish Chand Bansal,Gwalior,ABV-Indian Institute of Information Technology and Management Gwalior,"['Particle Swarm optimization', 'economic dispatch', 'Laplace Crossover', 'Quadratic Approximation Particle Swarm optimization']"
Musrrat Ali,Suwon,Sungkyunkwan University,"['global optimization', 'differential evolution', 'trigonometric mutation', 'quadratic interpolation', 'local search']"
Millie Pant,Saharanpur,Indian Institute of Technology Roorkee,"['global optimization', 'differential evolution', 'trigonometric mutation', 'quadratic interpolation', 'local search']"
Atulya K. Nagar,Liverpool,Liverpool Hope University,"['global optimization', 'differential evolution', 'trigonometric mutation', 'quadratic interpolation', 'local search']"
Chang Wook Ahn,Suwon,Sungkyunkwan University,"['global optimization', 'differential evolution', 'trigonometric mutation', 'quadratic interpolation', 'local search']"
Gurvinder Singh Baicher,Gwent,University of Wales Newport,"['optimization', 'quadrature mirror filter bank', 'genetic algorithms', 'IIR filters', 'multirate filter bank', 'real-time implementation', 'pulse code modulation', 'polyphase decomposition']"
Basabdatta Sen Bhattacharya,Lincoln,(University of Lincoln,"['Alpha rhythm', 'Event-related-(de)synchronisation', ""Alzheimer's disease"", 'thalamo-cortical model']"
Damien Coyle,Ulster,University of Ulster,"['Alpha rhythm', 'Event-related-(de)synchronisation', ""Alzheimer's disease"", 'thalamo-cortical model']"
Liam P. Maguire,Ulster,University of Ulster,"['Alpha rhythm', 'Event-related-(de)synchronisation', ""Alzheimer's disease"", 'thalamo-cortical model']"
Christian Gütl,Graz,Graz University of Technology,[]
Antonio L. Bajuelos,Aveiro,University of Aveiro,"['computational geometry', 'art gallery problems', 'visibility and coverage problems', 'hybrid metaheuristics and approximation algorithms']"
Santiago Canales,Madrid,Universidad Pontifícia Comillas de Madrid,"['computational geometry', 'art gallery problems', 'visibility and coverage problems', 'hybrid metaheuristics and approximation algorithms']"
Gregorio Hernández,Madrid,Universidad Politécnica de Madrid,"['computational geometry', 'art gallery problems', 'visibility and coverage problems', 'hybrid metaheuristics and approximation algorithms']"
Mafalda Martins,Aveiro,University of Aveiro,"['computational geometry', 'art gallery problems', 'visibility and coverage problems', 'hybrid metaheuristics and approximation algorithms']"
Alton Y.K. Chua,Singapore,Nanyang Technological University,"['m-learning', 'software project management', 'motivation', 'gaming']"
Radhika Shenoy Balkunje,Singapore,Nanyang Technological University,"['m-learning', 'software project management', 'motivation', 'gaming']"
Doron Drusinsky,Monterey,Naval Postgraduate School,"['Hidden Markov Models', 'UML', 'statecharts', 'monitoring', 'patterns', 'hidden data']"
Wojciech Frączek,Warsaw,Warsaw University of Technology,"['information hiding', 'network steganography', 'multilevel steganography', 'MLS']"
Wojciech Mazurczyk,Warsaw,Warsaw University of Technology,"['information hiding', 'network steganography', 'multilevel steganography', 'MLS']"
Krzysztof Szczypiorski,Warsaw,Warsaw University of Technology,"['information hiding', 'network steganography', 'multilevel steganography', 'MLS']"
Jörg Keller,Hagen,FernUniversität in Hagen,"['parallel merge sort', 'on-chip pipelining', 'multicore computing', 'task mapping', 'streaming computations']"
Christoph W. Kessler,Linköping,Linköping Universitet,"['parallel merge sort', 'on-chip pipelining', 'multicore computing', 'task mapping', 'streaming computations']"
Rikard Hultén,Linköping,Linköping Universitet,"['parallel merge sort', 'on-chip pipelining', 'multicore computing', 'task mapping', 'streaming computations']"
Alexander Meduna,Brno,Brno University of Technology,"['formal languages', 'pure grammar systems', 'controlled derivations']"
Petr Zemek,Brno,Brno University of Technology,"['formal languages', 'pure grammar systems', 'controlled derivations']"
Efi Papatheocharous,Nicosia,University of Cyprus,"['software cost estimation', 'artificial neural networks', 'input sensitivity analysis']"
Andreas S. Andreou,Lemesos,Cyprus University of Technology,"['software cost estimation', 'artificial neural networks', 'input sensitivity analysis']"
Henna Suomi,Espoo,Aalto University,"['multipath communication', 'path diversity', 'net benefit', 'end user']"
Kalevi Kilkki,Espoo,Aalto University,"['multipath communication', 'path diversity', 'net benefit', 'end user']"
Heikki Hämmäinen,Espoo,Aalto University,"['multipath communication', 'path diversity', 'net benefit', 'end user']"
Carlos Delgado Kloos,Madrid,Universidad Carlos III de Madrid,[]
Davinia Hernández-Leo,Barcelona,Universitat Pompeu Fabra,[]
Juan I. Asensio-Pérez,Valladolid,Universidad de Valladolid,[]
Henriikka Vartiainen,Savonlinna,University of Eastern Finland,"['pedagogical model', 'learning by collaborative designing', 'learning object', 'project-based learning', 'design-oriented pedagogy']"
Anu Liljeström,Savonlina,University of Eastern Finland,"['pedagogical model', 'learning by collaborative designing', 'learning object', 'project-based learning', 'design-oriented pedagogy']"
Jorma Enkenberg,Savonlina,University of Eastern Finland,"['pedagogical model', 'learning by collaborative designing', 'learning object', 'project-based learning', 'design-oriented pedagogy']"
Nikolaos Avouris,Patras,University of Patras,"['mobile games', 'mobile learning', 'informal learning', 'location based games', 'game-based learning']"
Nikoleta Yiannoutsou,Patras,University of Patras,"['mobile games', 'mobile learning', 'informal learning', 'location based games', 'game-based learning']"
Stefaan Ternier,Heerlen,Open University of the Netherlands,"['immersive learning games', 'augmented reality', 'augmented virtuality']"
Roland Klemke,Heerlen,Open University of the Netherlands,"['immersive learning games', 'augmented reality', 'augmented virtuality']"
Marco Kalz,Heerlen,Open University of the Netherlands,"['immersive learning games', 'augmented reality', 'augmented virtuality']"
Patricia van Ulzen,Heerlen,Open University of the Netherlands,"['immersive learning games', 'augmented reality', 'augmented virtuality']"
Davinia Hernández-Leo,Barcelona,Universitat Pompeu Fabra,"['activities across spaces', 'CSCL', 'collaborative learning flows', 'classroom orchestration', 'augmented physical spaces', 'wearable devices']"
Raul Nieves,Barcelona,Universitat Pompeu Fabra,"['activities across spaces', 'CSCL', 'collaborative learning flows', 'classroom orchestration', 'augmented physical spaces', 'wearable devices']"
Ernesto Arroyo,Barcelona,Universitat Pompeu Fabra,"['activities across spaces', 'CSCL', 'collaborative learning flows', 'classroom orchestration', 'augmented physical spaces', 'wearable devices']"
Andrea Rosales,Barcelona,Universitat Pompeu Fabra,"['activities across spaces', 'CSCL', 'collaborative learning flows', 'classroom orchestration', 'augmented physical spaces', 'wearable devices']"
Javier Melero,Barcelona,Universitat Pompeu Fabra,"['activities across spaces', 'CSCL', 'collaborative learning flows', 'classroom orchestration', 'augmented physical spaces', 'wearable devices']"
Josep Blat,Barcelona,Universitat Pompeu Fabra,"['activities across spaces', 'CSCL', 'collaborative learning flows', 'classroom orchestration', 'augmented physical spaces', 'wearable devices']"
María Blanca Ibáñez,Madrid,Universidad Carlos III de Madrid,"['hybrid learning environments', 'augmented reality', 'augmented virtuality', 'mirror worlds', '3D virtual worlds', 'architecture for virtual learning environments']"
David Maroto,Madrid,Universidad Carlos III de Madrid,"['hybrid learning environments', 'augmented reality', 'augmented virtuality', 'mirror worlds', '3D virtual worlds', 'architecture for virtual learning environments']"
José Jesús García Rueda,Madrid,Universidad Carlos III de Madrid,"['hybrid learning environments', 'augmented reality', 'augmented virtuality', 'mirror worlds', '3D virtual worlds', 'architecture for virtual learning environments']"
Derick Leony,Madrid,Universidad Carlos III de Madrid,"['hybrid learning environments', 'augmented reality', 'augmented virtuality', 'mirror worlds', '3D virtual worlds', 'architecture for virtual learning environments']"
Carlos Delgado Kloos,Madrid,Universidad Carlos III de Madrid,"['hybrid learning environments', 'augmented reality', 'augmented virtuality', 'mirror worlds', '3D virtual worlds', 'architecture for virtual learning environments']"
Christian Gütl,Graz,Graz University of Technology,[]
Daniel Găină,Nomi,Japan Advanced Institute of Science and Technology,"['institution', 'Horn logic', 'proof theory', 'completeness', 'induction', 'constructor']"
Kokichi Futatsugi,Nomi,Japan Advanced Institute of Science and Technology,"['institution', 'Horn logic', 'proof theory', 'completeness', 'induction', 'constructor']"
Kazuhiro Ogata,Nomi,Japan Advanced Institute of Science and Technology,"['institution', 'Horn logic', 'proof theory', 'completeness', 'induction', 'constructor']"
Tarek F. Gharib,Jeddah,King Abdulaziz University,"['semantic web', 'ontology', 'corpus', 'word senses', 'word sense disambiguation (WSD)', 'coarse-grained word senses']"
Nagwa Badr,Cairo,Ain Shams University,"['semantic web', 'ontology', 'corpus', 'word senses', 'word sense disambiguation (WSD)', 'coarse-grained word senses']"
Shaimaa Haridy,Cairo,Ain Shams University,"['semantic web', 'ontology', 'corpus', 'word senses', 'word sense disambiguation (WSD)', 'coarse-grained word senses']"
Ajith Abraham,ashington,Machine Intelligence Research Labs (MIR Labs),"['semantic web', 'ontology', 'corpus', 'word senses', 'word sense disambiguation (WSD)', 'coarse-grained word senses']"
David Griffiths,Bolton,The University of Bolton,"['W3C', 'Widget', 'affordance', 'Personal Learning Environment', 'learning design', 'app store', 'Apache', 'Wookie', 'Rave', 'EDUKapp', 'iTEC', 'Omelette', 'iCamp', 'ROLE']"
Mark William Johnson,Bolton,The University of Bolton,"['W3C', 'Widget', 'affordance', 'Personal Learning Environment', 'learning design', 'app store', 'Apache', 'Wookie', 'Rave', 'EDUKapp', 'iTEC', 'Omelette', 'iCamp', 'ROLE']"
Kris Popat,Bolton,The University of Bolton,"['W3C', 'Widget', 'affordance', 'Personal Learning Environment', 'learning design', 'app store', 'Apache', 'Wookie', 'Rave', 'EDUKapp', 'iTEC', 'Omelette', 'iCamp', 'ROLE']"
Paul Sharples,Bolton,The University of Bolton,"['W3C', 'Widget', 'affordance', 'Personal Learning Environment', 'learning design', 'app store', 'Apache', 'Wookie', 'Rave', 'EDUKapp', 'iTEC', 'Omelette', 'iCamp', 'ROLE']"
Scott Wilson,Bolton,The University of Bolton,"['W3C', 'Widget', 'affordance', 'Personal Learning Environment', 'learning design', 'app store', 'Apache', 'Wookie', 'Rave', 'EDUKapp', 'iTEC', 'Omelette', 'iCamp', 'ROLE']"
Rob J.M. Hartog,Wageningen,Wageningen University,"['activating digital learning resources', 'learning objects', 'requirements engineering', 'design-oriented research', 'large-scale use']"
Adrie J.M. Beulens,Wageningen,Wageningen University,"['activating digital learning resources', 'learning objects', 'requirements engineering', 'design-oriented research', 'large-scale use']"
Johannes Tramper,Wageningen,Wageningen University,"['activating digital learning resources', 'learning objects', 'requirements engineering', 'design-oriented research', 'large-scale use']"
Atif Latif,Kiel,Leibniz Information Center for Economics,[]
Muhammad Tanvir Afzal,Islamabad,Mohammad Ali Jinnah University,[]
Hermann Maurer,Graz,Graz University of Technology,[]
María-Teresa Martín-Valdivia,Jaén,University of Jaén,"['opinion mining', 'sentiment polarity', 'neutral examples', 'NLP']"
Arturo Montejo-Ráez,Jaén,University of Jaén,"['opinion mining', 'sentiment polarity', 'neutral examples', 'NLP']"
Alfonso Ureña-López,Jaén,University of Jaén,"['opinion mining', 'sentiment polarity', 'neutral examples', 'NLP']"
Mohammed Rushdi Saleh,Jaén,University of Jaén,"['opinion mining', 'sentiment polarity', 'neutral examples', 'NLP']"
Javier Melero,Barcelona,Universitat Pompeu Fabra,"['literature review', 'ICT Engineering Education', 'teaching and learning strategies', 'constructivism', 'scaffolding']"
Davinia Hernández-Leo,Barcelona,Universitat Pompeu Fabra,"['literature review', 'ICT Engineering Education', 'teaching and learning strategies', 'constructivism', 'scaffolding']"
Josep Blat,Barcelona,Universitat Pompeu Fabra,"['literature review', 'ICT Engineering Education', 'teaching and learning strategies', 'constructivism', 'scaffolding']"
Hui Ma,Wellington,Victoria University of Wellington,[]
Klaus-Dieter Schewe,Linz,Johannes Kepler University Linz,[]
Bernhard Thalheim,Kiel,Christian Albrechts University Kiel,[]
Qing Wang,Canberra,Australian National University,[]
Juan M. Vara,Madrid,Rey Juan Carlos University,"['service evolution', 'model-driven engineering', 'compatibility', 'type theory']"
Vasilios Andrikopoulos,Stuttgart,University of Stuttgart,"['service evolution', 'model-driven engineering', 'compatibility', 'type theory']"
Michael P. Papazoglou,Tilburg,Tilburg University,"['service evolution', 'model-driven engineering', 'compatibility', 'type theory']"
Esperanza Marcos,Madrid,Rey Juan Carlos University,"['service evolution', 'model-driven engineering', 'compatibility', 'type theory']"
Jorge Roa,Santa Fe,Universidad Tecnológica Nacional,"['verification', 'choreography', 'Web service', 'business process']"
Pablo Villarreal,Santa Fe,Universidad Tecnológica Nacional,"['verification', 'choreography', 'Web service', 'business process']"
Omar Chiotti,Santa Fe,INGAR-CONICET,"['verification', 'choreography', 'Web service', 'business process']"
Jose Ignacio Fernández-Villamor,Madrid,Universidad Politécnica de Madrid,"['mashups', 'services', 'widgets', 'components', 'discovery', 'integration']"
Carlos Á. Iglesias,Madrid,Universidad Politécnica de Madrid,"['mashups', 'services', 'widgets', 'components', 'discovery', 'integration']"
Mercedes Garijo,Madrid,Universidad Politécnica de Madrid,"['mashups', 'services', 'widgets', 'components', 'discovery', 'integration']"
Ji Ma,Hagenberg,Software Competence Center Hagenberg,"['risk assessment', 'access control', 'RBAC', 'poset', 'security classification']"
Ajantha Dahanayake,Riyadh,Prince Sultan University,"['service systems', 'conceptual modelling', 'IT service systems', 'Web-based services', 'classical rhetorical frame', 'Hermagoras of Temnos', 'conceptual model for services']"
Bernhard Thalheim,Kiel,(Christian-Albrechts University of Kiel,"['service systems', 'conceptual modelling', 'IT service systems', 'Web-based services', 'classical rhetorical frame', 'Hermagoras of Temnos', 'conceptual model for services']"
Valeria de Castro,Madrid,Rey Juan Carlos University,"['service-oriented', 'model-driven development', 'Web information systems']"
Juan Manuel Vara,Madrid,Rey Juan Carlos University,"['service-oriented', 'model-driven development', 'Web information systems']"
Esperanza Marcos,Madrid,Rey Juan Carlos University,"['service-oriented', 'model-driven development', 'Web information systems']"
Hongming Cai,Shanghai,Shanghai Jiao Tong University,"['conceptual model', 'software engineering', 'information systems', 'ontology', 'resource oriented architecture', 'business process', 'service composition']"
Boyi Xu,Shanghai,Shanghai Jiao Tong University,"['conceptual model', 'software engineering', 'information systems', 'ontology', 'resource oriented architecture', 'business process', 'service composition']"
Fenglin Bu,Shanghai,Shanghai Jiao Tong University,"['conceptual model', 'software engineering', 'information systems', 'ontology', 'resource oriented architecture', 'business process', 'service composition']"
Carlos Delgado Kloos,Madrid,Universidad Carlos III de Madrid,[]
Christian Gütl,Graz,Graz University of Technology,[]
Frank Kappe,Graz,Graz University of Technology,[]
David Griol,Leganés,Carlos III University of Madrid,"['Virtual Worlds', 'Second Life', 'OpenSimulator', 'Sloodle', 'E-learning', 'speech interaction']"
José Manuel Molina,Leganés,Carlos III University of Madrid,"['Virtual Worlds', 'Second Life', 'OpenSimulator', 'Sloodle', 'E-learning', 'speech interaction']"
Araceli Sanchis de Miguel,Leganés,Carlos III University of Madrid,"['Virtual Worlds', 'Second Life', 'OpenSimulator', 'Sloodle', 'E-learning', 'speech interaction']"
Zoraida Callejas,Granada,University of Granada,"['Virtual Worlds', 'Second Life', 'OpenSimulator', 'Sloodle', 'E-learning', 'speech interaction']"
Nathan Labhart,Zürich,University of Zurich,"['global teaching', 'intercultural learning', 'videoconference', '3D collaborative virtual environments']"
Béatrice S. Hasler,Herzliya,Interdisciplinary Center Herzliya,"['global teaching', 'intercultural learning', 'videoconference', '3D collaborative virtual environments']"
Andy Zbinden,Zürich,SWITCH,"['global teaching', 'intercultural learning', 'videoconference', '3D collaborative virtual environments']"
Andreas Schmeil,Lugano,University of Lugano,"['global teaching', 'intercultural learning', 'videoconference', '3D collaborative virtual environments']"
María Blanca Ibáñez,Leganés,Universidad Carlos III de Madrid,"['authoring tools', '3D collaborative virtual worlds', 'computer based assessment', 'TAM']"
José Jesús Garcia Rueda,Leganés,Universidad Carlos III de Madrid,"['authoring tools', '3D collaborative virtual worlds', 'computer based assessment', 'TAM']"
Diego Morillo,Leganés,Universidad Carlos III de Madrid,"['authoring tools', '3D collaborative virtual worlds', 'computer based assessment', 'TAM']"
Carlos Delgado Kloos,Leganés,Universidad Carlos III de Madrid,"['authoring tools', '3D collaborative virtual worlds', 'computer based assessment', 'TAM']"
Pilar Sancho,Madrid,Complutense University of Madrid,"['computer supported collaborative learning', 'problem based learning', 'learning in multi-user virtual environments']"
Javier Torrente,Madrid,Complutense University of Madrid,"['computer supported collaborative learning', 'problem based learning', 'learning in multi-user virtual environments']"
Baltasar Fernández-Manjón,Madrid,Complutense University of Madrid,"['computer supported collaborative learning', 'problem based learning', 'learning in multi-user virtual environments']"
Alok Mishra,Ankara,Atilim University,[]
Jürgen Münch,Helsinki,University of Helsinki,[]
Deepti Mishra,Ankara,Atilim University,[]
José Luis Hernández,Ciudad Real,University of Castilla-La Mancha,"['trust', 'distributed software sevelopment (DSD)', 'global software development (GSD)', 'tools for GSD']"
Aurora Vizcaíno,Ciudad Real,University of Castilla-La Mancha,"['trust', 'distributed software sevelopment (DSD)', 'global software development (GSD)', 'tools for GSD']"
Ismael Caballero,Ciudad Real,University of Castilla-La Mancha,"['trust', 'distributed software sevelopment (DSD)', 'global software development (GSD)', 'tools for GSD']"
Gabriela Aranda,Neuquen,National University of Comahue,"['trust', 'distributed software sevelopment (DSD)', 'global software development (GSD)', 'tools for GSD']"
George M. Giaglis,Athens,Athens University of Economics and Business,"['FLOSS', 'open source development', 'virtual teams', 'distributed work', 'FreeBSD']"
Diomidis Spinellis,Athens,Athens University of Economics and Business,"['FLOSS', 'open source development', 'virtual teams', 'distributed work', 'FreeBSD']"
Ricardo Colomo-Palacios,Leganes,Universidad Carlos III de Madrid,"['global software development', 'product manager', 'release planning', 'focus group', 'Delphi study']"
Pedro Soto-Acosta,Murcia,Universidad de Murcia,"['global software development', 'product manager', 'release planning', 'focus group', 'Delphi study']"
Francisco J. García-Peñalvo,Salamanca,Universidad de Salamanca,"['global software development', 'product manager', 'release planning', 'focus group', 'Delphi study']"
Ángel García-Crespo,Leganes,Universidad Carlos III de Madrid,"['global software development', 'product manager', 'release planning', 'focus group', 'Delphi study']"
Luis Iribarne,University of Almeria,University of Almeria,"['MDE', 'component-based development', 'user interfaces', 'user interaction', 'cooperative systems']"
Nicolas Padilla,Almeria,University of Almeria,"['MDE', 'component-based development', 'user interfaces', 'user interaction', 'cooperative systems']"
Javier Criado,Almeria,University of Almeria,"['MDE', 'component-based development', 'user interfaces', 'user interaction', 'cooperative systems']"
Cristina Vicente-Chicote,Cartagena,Technical University of Cartagena,"['MDE', 'component-based development', 'user interfaces', 'user interaction', 'cooperative systems']"
Gislaine Camila Lapasini Leal,Maringa,State University of Maringa,"['global software development', 'software process', 'test']"
Ana Paula Chaves,Campo Mourao,Federal Technological University of Parana,"['global software development', 'software process', 'test']"
Elisa Hatsue Moriya Huzita,Maringa,State University of Maringa,"['global software development', 'software process', 'test']"
Marcio Eduardo Delamaro,Sao Carlos,University of Sao Paulo,"['global software development', 'software process', 'test']"
Anuradha Mathrani,Auckland,Massey University,"['distributed knowledge management', 'Tacit', 'Explicit', 'Experience Capture', 'Software Development']"
David Parsons,Auckland,Massey University,"['distributed knowledge management', 'Tacit', 'Explicit', 'Experience Capture', 'Software Development']"
Sanjay Mathrani,Auckland,Massey University,"['distributed knowledge management', 'Tacit', 'Explicit', 'Experience Capture', 'Software Development']"
Deepti Mishra,Ankara,Atilim University Incek,"['global software development', 'distributed software development', 'software inspection', 'tool', 'software quality']"
Alok Mishra,Ankara,Atilim University Incek,"['global software development', 'distributed software development', 'software inspection', 'tool', 'software quality']"
Christian Gütl,Graz,Graz University of Technology,[]
Lutz Prechelt,Berlin,Freie Universität Berlin,"['FNR', 'failures', 'forum', 'negative results']"
Mushtaq Ahmad,Pretoria,University of Pretoria,"['MPEG spelling variations', 'mapping', 'phonetic algorithms']"
Stefan Gruner,Pretoria,University of Pretoria,"['MPEG spelling variations', 'mapping', 'phonetic algorithms']"
Luiz F. Bittencourt,Campinas,University of Campinas,"['load balancing', 'Nash equilibrium', 'game theory']"
Flávio K. Miyazawa,Campinas,University of Campinas,"['load balancing', 'Nash equilibrium', 'game theory']"
André L. Vignatti,Campinas,University of Campinas,"['load balancing', 'Nash equilibrium', 'game theory']"
Dario Della Monica,Reykjavik,Reykjavik University,"['interval neighborhood logics', 'undecidability', 'hybrid logics', 'interval length binders', 'first-order logic']"
Valentin Goranko,Copenhagen,Technical Institute of Denmark,"['interval neighborhood logics', 'undecidability', 'hybrid logics', 'interval length binders', 'first-order logic']"
Angelo Montanari,Udine,University of Udine,"['interval neighborhood logics', 'undecidability', 'hybrid logics', 'interval length binders', 'first-order logic']"
Guido Sciavicco,Murcia,University of Murcia,"['interval neighborhood logics', 'undecidability', 'hybrid logics', 'interval length binders', 'first-order logic']"
Daewon Kim,Cheonan,Dankook University,"['mobile', 'augmented reality', 'image', 'object', 'recognition']"
Doosung Hwang,Cheonan,Dankook University,"['mobile', 'augmented reality', 'image', 'object', 'recognition']"
Jonas Lundberg,Vaxjo,Linnaeus University,"['static program analysis', 'points-to analysis', 'context sensitivity']"
Welf Lowe,Vaxjo,Linnaeus University,"['static program analysis', 'points-to analysis', 'context sensitivity']"
Iosif Petrakis,München,Ludwig-Maximilians Universität München,"['constructive mathematics', 'countable choice']"
Vladimir Tarasov,Jönköping,Jönköping University,"['competence', 'competence managemen', 'competence profile', 'formalisation', 'ontology-based profile', 'OWL', 'Jena']"
Anton V. Uzunov,Adelaide,University of Adelaide,"['computer security', 'security engineering', 'secure software engineering', 'distributed systems', 'security methodologies', 'model driven security', 'secure software architectures', 'security patterns', 'model-based development', 'survey']"
Eduardo B. Fernandez,Boca Raton,Florida Atlantic University,"['computer security', 'security engineering', 'secure software engineering', 'distributed systems', 'security methodologies', 'model driven security', 'secure software architectures', 'security patterns', 'model-based development', 'survey']"
Katrina Falkner,Adelaide,University of Adelaide,"['computer security', 'security engineering', 'secure software engineering', 'distributed systems', 'security methodologies', 'model driven security', 'secure software architectures', 'security patterns', 'model-based development', 'survey']"
